-- wards

insert into wards (id, name, organization_id) values ('51aca99b-2372-40b4-99ed-355dad6c014d', 'Portage', '3b25c6f5-4705-4074-9fc6-a50c28eba406');
insert into wards (id, name, organization_id) values ('0f13614c-9043-4af7-a439-cc569ba22639', 'Ohio', '3b25c6f5-4705-4074-9fc6-a50c28eba406');
insert into wards (id, name, organization_id) values ('626e8c70-dc93-44fb-a9d5-0b828a0a0c4b', 'Arrowood', '3b25c6f5-4705-4074-9fc6-a50c28eba406');


-- rooms
insert into rooms (id, name, organization_id, ward_id) values ('b79dc72f-8359-4058-bd7a-e4b7019a5ec3', 'Sales', '3b25c6f5-4705-4074-9fc6-a50c28eba406', '0f13614c-9043-4af7-a439-cc569ba22639');
insert into rooms (id, name, organization_id, ward_id) values ('c7e6c19e-df2e-4130-b8f3-97b551f911ed', 'Research and Development', '3b25c6f5-4705-4074-9fc6-a50c28eba406', '51aca99b-2372-40b4-99ed-355dad6c014d');
insert into rooms (id, name, organization_id, ward_id) values ('80d49a5a-573e-4a7a-a9b4-f8d2431f6f14', 'Legal', '3b25c6f5-4705-4074-9fc6-a50c28eba406', '51aca99b-2372-40b4-99ed-355dad6c014d');
insert into rooms (id, name, organization_id, ward_id) values ('2a3b9111-1f78-4d36-8318-1c69c1e5ad51', 'Whatever else', '3b25c6f5-4705-4074-9fc6-a50c28eba406', '0f13614c-9043-4af7-a439-cc569ba22639');

-- beds
insert into beds (id, room_id, organization_id, name) values ('cb92bad3-68b2-49c1-bfac-494ff18b57f3', 'b79dc72f-8359-4058-bd7a-e4b7019a5ec3', '3b25c6f5-4705-4074-9fc6-a50c28eba406', 'Aquamarine');
insert into beds (id, room_id, organization_id, name) values ('31d2cb94-c6fd-4d98-acd4-128c31d51693', 'b79dc72f-8359-4058-bd7a-e4b7019a5ec3', '3b25c6f5-4705-4074-9fc6-a50c28eba406', 'Khaki');
insert into beds (id, room_id, organization_id, name) values ('371e0bb7-1d55-46bb-a972-4bea0df958da', 'c7e6c19e-df2e-4130-b8f3-97b551f911ed', '3b25c6f5-4705-4074-9fc6-a50c28eba406', 'Orange');
insert into beds (id, room_id, organization_id, name) values ('01e91d0a-88ac-402b-932e-bae326a7c234', 'c7e6c19e-df2e-4130-b8f3-97b551f911ed', '3b25c6f5-4705-4074-9fc6-a50c28eba406', 'Teal');
insert into beds (id, room_id, organization_id, name) values ('03d95f53-06f1-4163-b9c2-4aa03d1bcc5e', 'b79dc72f-8359-4058-bd7a-e4b7019a5ec3', '3b25c6f5-4705-4074-9fc6-a50c28eba406', 'Green');
insert into beds (id, room_id, organization_id, name) values ('c9cb785f-4db3-42f8-935a-b5c88652231b', 'c7e6c19e-df2e-4130-b8f3-97b551f911ed', '3b25c6f5-4705-4074-9fc6-a50c28eba406', 'Violet');
insert into beds (id, room_id, organization_id, name) values ('edef8f4f-fa11-471c-9340-c667ae6ecf09', 'b79dc72f-8359-4058-bd7a-e4b7019a5ec3', '3b25c6f5-4705-4074-9fc6-a50c28eba406', 'Indigo');
insert into beds (id, room_id, organization_id, name) values ('99205989-53a4-4362-8280-c746d30ebc12', 'c7e6c19e-df2e-4130-b8f3-97b551f911ed', '3b25c6f5-4705-4074-9fc6-a50c28eba406', 'Yellow');
insert into beds (id, room_id, organization_id, name) values ('9a2824d8-cd31-4c5f-82df-1c6bf1d443c6', 'b79dc72f-8359-4058-bd7a-e4b7019a5ec3', '3b25c6f5-4705-4074-9fc6-a50c28eba406', 'Pink');
insert into beds (id, room_id, organization_id, name) values ('1d8fbe74-37be-4ec1-beb2-0518b51e1da8', '80d49a5a-573e-4a7a-a9b4-f8d2431f6f14', '3b25c6f5-4705-4074-9fc6-a50c28eba406', 'Turquoise');
insert into beds (id, room_id, organization_id, name) values ('9f5d0d44-066e-4520-aec3-46a51090d15a', 'c7e6c19e-df2e-4130-b8f3-97b551f911ed', '3b25c6f5-4705-4074-9fc6-a50c28eba406', 'Red');
insert into beds (id, room_id, organization_id, name) values ('8612b526-9f2b-486f-9e6c-d1581ef5b6be', 'c7e6c19e-df2e-4130-b8f3-97b551f911ed', '3b25c6f5-4705-4074-9fc6-a50c28eba406', 'Fuscia');
insert into beds (id, room_id, organization_id, name) values ('018bd012-4aa1-468f-b57c-c0028507c332', 'c7e6c19e-df2e-4130-b8f3-97b551f911ed', '3b25c6f5-4705-4074-9fc6-a50c28eba406', 'Mauv');

-- patients
insert into patients (id, human_readable_identifier, organization_id, notes, bed_id, is_discharged) values ('b8fa077f-4bc2-4c54-82fa-57d6728db45c', 'Marwin Othen', '3b25c6f5-4705-4074-9fc6-a50c28eba406', 'Strain of flexor muscle, fascia and tendon of left ring finger at wrist and hand level, subsequent encounter', 'edef8f4f-fa11-471c-9340-c667ae6ecf09', 0);
insert into patients (id, human_readable_identifier, organization_id, notes, bed_id, is_discharged) values ('2a7f62d2-926c-4a0b-a963-2b4cdc89e1e7', 'Prudy Shimoni', '3b25c6f5-4705-4074-9fc6-a50c28eba406', 'Contusion of right little finger with damage to nail', '31d2cb94-c6fd-4d98-acd4-128c31d51693', 0);
insert into patients (id, human_readable_identifier, organization_id, notes, bed_id, is_discharged) values ('bad8fe7e-8f11-4c30-a97f-05f211882909', 'Robinette Euston', '3b25c6f5-4705-4074-9fc6-a50c28eba406', 'Laceration with foreign body of unspecified lesser toe(s) with damage to nail, initial encounter', '99205989-53a4-4362-8280-c746d30ebc12', 0);
insert into patients (id, human_readable_identifier, organization_id, notes, bed_id, is_discharged) values ('0ac1b278-3110-42e8-90ce-542821c75afc', 'Adey Edson', '3b25c6f5-4705-4074-9fc6-a50c28eba406', 'Nondisplaced fracture of neck of unspecified metacarpal bone, subsequent encounter for fracture with delayed healing', null, 1);
insert into patients (id, human_readable_identifier, organization_id, notes, bed_id, is_discharged) values ('2e830d2f-69c9-4e38-bd4b-ab43decc7ae3', 'Cloris Dunbavin', '3b25c6f5-4705-4074-9fc6-a50c28eba406', 'Transient synovitis, shoulder', null, 0);
insert into patients (id, human_readable_identifier, organization_id, notes, bed_id, is_discharged) values ('d2023b5e-7f84-4328-96b5-ffd5ddd7ccae', 'Kane Seel', '3b25c6f5-4705-4074-9fc6-a50c28eba406', 'Nondisplaced unspecified fracture of right great toe, subsequent encounter for fracture with routine healing', null, 1);
insert into patients (id, human_readable_identifier, organization_id, notes, bed_id, is_discharged) values ('9d868246-ffb8-43bd-95f8-2fc4fea196df', 'Clarey Laxston', '3b25c6f5-4705-4074-9fc6-a50c28eba406', 'Other specified disorders of bone density and structure, unspecified site', null, 1);
insert into patients (id, human_readable_identifier, organization_id, notes, bed_id, is_discharged) values ('23edc7ee-5a0e-41ac-91b3-db21455b6e6b', 'Janot Mabon', '3b25c6f5-4705-4074-9fc6-a50c28eba406', 'Other specified injury of long flexor muscle, fascia and tendon of left thumb at wrist and hand level, initial encounter', null, 1);
insert into patients (id, human_readable_identifier, organization_id, notes, bed_id, is_discharged) values ('040da2fd-4705-41b5-9422-93e37d46b1c7', 'Kalila Burtwistle', '3b25c6f5-4705-4074-9fc6-a50c28eba406', 'Disorder of ligament, left hip', null, 0);
insert into patients (id, human_readable_identifier, organization_id, notes, bed_id, is_discharged) values ('06f57c97-509e-4b41-9839-233f29197f56', 'Clerc Levay', '3b25c6f5-4705-4074-9fc6-a50c28eba406', 'Other extraarticular fracture of lower end of left radius, subsequent encounter for open fracture type I or II with nonunion', '1d8fbe74-37be-4ec1-beb2-0518b51e1da8', 0);
insert into patients (id, human_readable_identifier, organization_id, notes, bed_id, is_discharged) values ('2d977c7a-c0a8-4d06-b474-1824d440d8b4', 'Dorothea Gurr', '3b25c6f5-4705-4074-9fc6-a50c28eba406', 'Other osteoporosis with current pathological fracture, left ankle and foot', null, 1);
insert into patients (id, human_readable_identifier, organization_id, notes, bed_id, is_discharged) values ('8763d32d-73d1-4e53-b367-b970ee5f6c18', 'Grazia Rehn', '3b25c6f5-4705-4074-9fc6-a50c28eba406', 'Corrosion of third degree of unspecified site of lower limb, except ankle and foot', '9f5d0d44-066e-4520-aec3-46a51090d15a', 0);
insert into patients (id, human_readable_identifier, organization_id, notes, bed_id, is_discharged) values ('d43c1842-3965-4752-b7ac-438c2bc925b1', 'Jehanna Pandya', '3b25c6f5-4705-4074-9fc6-a50c28eba406', 'Unspecified disorder of synovium and tendon, left upper arm', null, 1);
insert into patients (id, human_readable_identifier, organization_id, notes, bed_id, is_discharged) values ('707aa958-b3b5-485a-83ab-bbd030605bf5', 'Cosetta Enrico', '3b25c6f5-4705-4074-9fc6-a50c28eba406', 'Underdosing of unspecified antipsychotics and neuroleptics, subsequent encounter', '9a2824d8-cd31-4c5f-82df-1c6bf1d443c6', 0);
insert into patients (id, human_readable_identifier, organization_id, notes, bed_id, is_discharged) values ('af155e2e-0715-453b-8731-ef79af3a4966', 'Garrik Stannislawski', '3b25c6f5-4705-4074-9fc6-a50c28eba406', 'Salter-Harris Type II physeal fracture of upper end of right tibia, subsequent encounter for fracture with routine healing', null, 1);
insert into patients (id, human_readable_identifier, organization_id, notes, bed_id, is_discharged) values ('7aa796e6-5253-445b-a3fc-41f76531cab7', 'Dalia Barnewell', '3b25c6f5-4705-4074-9fc6-a50c28eba406', 'Poisoning by anticholinesterase agents, undetermined, sequela', null, 1);
insert into patients (id, human_readable_identifier, organization_id, notes, bed_id, is_discharged) values ('1dd8f65c-6bdc-40f5-9a1a-b6dbd52f3fd4', 'Hallsy Yoell', '3b25c6f5-4705-4074-9fc6-a50c28eba406', 'Other subluxation of right knee, subsequent encounter', null, 1);
insert into patients (id, human_readable_identifier, organization_id, notes, bed_id, is_discharged) values ('4a2e5163-57a7-4a50-9ed7-981c119848d7', 'Desiree Ert', '3b25c6f5-4705-4074-9fc6-a50c28eba406', 'Unspecified injury of inferior mesenteric artery, subsequent encounter', '8612b526-9f2b-486f-9e6c-d1581ef5b6be', 0);
insert into patients (id, human_readable_identifier, organization_id, notes, bed_id, is_discharged) values ('a28c6344-620d-4a53-9025-e4c275fa768a', 'Manny Emanuelov', '3b25c6f5-4705-4074-9fc6-a50c28eba406', 'Abrasion of right little finger, subsequent encounter', null, 1);
insert into patients (id, human_readable_identifier, organization_id, notes, bed_id, is_discharged) values ('9a2431b1-de9f-401d-b7bf-a5691e8a5ebc', 'Jena Floyde', '3b25c6f5-4705-4074-9fc6-a50c28eba406', 'Pauciarticular juvenile rheumatoid arthritis, left hip', null, 1);
insert into patients (id, human_readable_identifier, organization_id, notes, bed_id, is_discharged) values ('ddb6c139-cd0d-4c65-95d8-288035eabf54', 'Byram Zealy', '3b25c6f5-4705-4074-9fc6-a50c28eba406', 'Strain of unspecified muscle and tendon at ankle and foot level, unspecified foot, subsequent encounter', null, 1);
insert into patients (id, human_readable_identifier, organization_id, notes, bed_id, is_discharged) values ('b1f373b9-30f4-4e77-a202-bb392b4080d3', 'Corissa Bruins', '3b25c6f5-4705-4074-9fc6-a50c28eba406', 'Military operations involving destruction of aircraft due to collision with other aircraft, civilian, sequela', null, 1);
insert into patients (id, human_readable_identifier, organization_id, notes, bed_id, is_discharged) values ('8fef78e5-3040-4664-a071-5f2cf4387fbe', 'Nikola Cobleigh', '3b25c6f5-4705-4074-9fc6-a50c28eba406', 'Unspecified superficial injury of unspecified thumb, subsequent encounter', null, 1);
insert into patients (id, human_readable_identifier, organization_id, notes, bed_id, is_discharged) values ('f3c65081-1597-4b0b-bb7d-96256cf329fa', 'Egbert Merriott', '3b25c6f5-4705-4074-9fc6-a50c28eba406', 'Other pemphigus', '01e91d0a-88ac-402b-932e-bae326a7c234', 0);
insert into patients (id, human_readable_identifier, organization_id, notes, bed_id, is_discharged) values ('9051e39b-da5f-40b1-98bb-2491943553af', 'Averell Apted', '3b25c6f5-4705-4074-9fc6-a50c28eba406', 'Abrasion of left elbow, subsequent encounter', null, 1);
insert into patients (id, human_readable_identifier, organization_id, notes, bed_id, is_discharged) values ('e20f0d11-7c82-4565-b7a8-6ba2811ebcd0', 'Bradney Flagg', '3b25c6f5-4705-4074-9fc6-a50c28eba406', 'Unspecified injury of lung, bilateral, subsequent encounter', null, 0);
insert into patients (id, human_readable_identifier, organization_id, notes, bed_id, is_discharged) values ('1da13722-d37e-41bb-b6db-c47422e7ef60', 'Sisile Oxlade', '3b25c6f5-4705-4074-9fc6-a50c28eba406', 'Mammary duct ectasia of left breast', null, 1);
insert into patients (id, human_readable_identifier, organization_id, notes, bed_id, is_discharged) values ('92d8a98f-40bb-4460-ad63-9938c253670e', 'Mary Feldbaum', '3b25c6f5-4705-4074-9fc6-a50c28eba406', 'Air embolism following infusion, transfusion and therapeutic injection, initial encounter', null, 1);
insert into patients (id, human_readable_identifier, organization_id, notes, bed_id, is_discharged) values ('9ee5b1f9-b726-4dea-872a-141135bb9079', 'Louise Feldklein', '3b25c6f5-4705-4074-9fc6-a50c28eba406', 'Poisoning by monoamine-oxidase-inhibitor antidepressants, accidental (unintentional)', null, 1);
insert into patients (id, human_readable_identifier, organization_id, notes, bed_id, is_discharged) values ('ddb17a4d-a9e3-4ffe-8b37-6e7b04f93d48', 'Tadd Jowitt', '3b25c6f5-4705-4074-9fc6-a50c28eba406', 'Laceration of brachial artery, left side, initial encounter', null, 1);
insert into patients (id, human_readable_identifier, organization_id, notes, bed_id, is_discharged) values ('a5d17f16-b5f8-4ce3-995a-82b13eadc1ae', 'Keely Fewkes', '3b25c6f5-4705-4074-9fc6-a50c28eba406', 'Toxic effect of ethanol, intentional self-harm', '03d95f53-06f1-4163-b9c2-4aa03d1bcc5e', 0);
insert into patients (id, human_readable_identifier, organization_id, notes, bed_id, is_discharged) values ('029df1d1-7d74-44e0-a093-e038123cce3c', 'Davie Dislee', '3b25c6f5-4705-4074-9fc6-a50c28eba406', 'Unspecified open wound of right cheek and temporomandibular area, initial encounter', '371e0bb7-1d55-46bb-a972-4bea0df958da', 0);
insert into patients (id, human_readable_identifier, organization_id, notes, bed_id, is_discharged) values ('4b7c4003-1130-483e-bb61-a5cf6eadcb38', 'Bronny Jojic', '3b25c6f5-4705-4074-9fc6-a50c28eba406', 'Toxic effect of other organic solvents, assault, sequela', null, 1);
insert into patients (id, human_readable_identifier, organization_id, notes, bed_id, is_discharged) values ('de70d0d0-94da-4d00-9dfc-54723320fe47', 'Gabriel Crotty', '3b25c6f5-4705-4074-9fc6-a50c28eba406', 'Passenger in pick-up truck or van injured in collision with other nonmotor vehicle in traffic accident, initial encounter', null, 1);
insert into patients (id, human_readable_identifier, organization_id, notes, bed_id, is_discharged) values ('65708dab-983d-450a-8786-57b1336a2e9f', 'Shawna Vondruska', '3b25c6f5-4705-4074-9fc6-a50c28eba406', 'Unspecified injury of brachial artery, right side, subsequent encounter', null, 1);
insert into patients (id, human_readable_identifier, organization_id, notes, bed_id, is_discharged) values ('523a7890-eebe-4c5d-8d28-747038803a30', 'Henderson Rivelin', '3b25c6f5-4705-4074-9fc6-a50c28eba406', 'Displaced segmental fracture of shaft of right femur, subsequent encounter for open fracture type IIIA, IIIB, or IIIC with nonunion', null, 1);
insert into patients (id, human_readable_identifier, organization_id, notes, bed_id, is_discharged) values ('69e67845-2b4a-4eec-bde6-fa51d47f7ae6', 'Steffi Simionato', '3b25c6f5-4705-4074-9fc6-a50c28eba406', 'Unspecified injury of other specified muscles, fascia and tendons at thigh level, unspecified thigh, initial encounter', null, 1);
insert into patients (id, human_readable_identifier, organization_id, notes, bed_id, is_discharged) values ('d5836f3c-6445-4442-b9da-82949af80428', 'Olag Mooreed', '3b25c6f5-4705-4074-9fc6-a50c28eba406', 'Osteitis condensans, shoulder', 'c9cb785f-4db3-42f8-935a-b5c88652231b', 0);
insert into patients (id, human_readable_identifier, organization_id, notes, bed_id, is_discharged) values ('53518dde-4fea-487c-946d-9aeedab4fd01', 'Zorana Gery', '3b25c6f5-4705-4074-9fc6-a50c28eba406', 'Contact with metalworking machines', null, 1);
insert into patients (id, human_readable_identifier, organization_id, notes, bed_id, is_discharged) values ('48cd2509-3b50-4d2f-9228-41f1b7947bea', 'Jewel Lovelady', '3b25c6f5-4705-4074-9fc6-a50c28eba406', 'Poisoning by vitamins, assault, initial encounter', null, 1);
insert into patients (id, human_readable_identifier, organization_id, notes, bed_id, is_discharged) values ('541807d6-788b-47a6-95be-9842dd58a5ce', 'Ignacio Cullity', '3b25c6f5-4705-4074-9fc6-a50c28eba406', 'Non-pressure chronic ulcer of left calf', null, 0);
insert into patients (id, human_readable_identifier, organization_id, notes, bed_id, is_discharged) values ('1e68267e-0149-47d8-9052-cb5df340044b', 'Patric Trudgion', '3b25c6f5-4705-4074-9fc6-a50c28eba406', 'Driver of pick-up truck or van injured in collision with other motor vehicles in traffic accident', null, 1);
insert into patients (id, human_readable_identifier, organization_id, notes, bed_id, is_discharged) values ('c05e189c-06c8-479e-b3b9-306f2b66c07d', 'Margit Bottby', '3b25c6f5-4705-4074-9fc6-a50c28eba406', 'Traumatic rupture of other ligament of right ring finger at metacarpophalangeal and interphalangeal joint, initial encounter', null, 1);
insert into patients (id, human_readable_identifier, organization_id, notes, bed_id, is_discharged) values ('cc26d443-8997-4c50-9510-b85014ddaa84', 'Bourke Pioch', '3b25c6f5-4705-4074-9fc6-a50c28eba406', 'Unspecified fracture of unspecified foot, subsequent encounter for fracture with malunion', null, 1);
insert into patients (id, human_readable_identifier, organization_id, notes, bed_id, is_discharged) values ('04da6ed3-1082-4149-8b29-abbcde3cd6b5', 'Lorain Marchiso', '3b25c6f5-4705-4074-9fc6-a50c28eba406', 'Infection and inflammatory reaction due to implanted electronic neurostimulator of brain, electrode (lead), subsequent encounter', null, 0);
insert into patients (id, human_readable_identifier, organization_id, notes, bed_id, is_discharged) values ('c1c104f0-52c5-46d3-9441-33d0b0c03f87', 'Iggie Lafflina', '3b25c6f5-4705-4074-9fc6-a50c28eba406', 'Displaced segmental fracture of shaft of unspecified fibula, subsequent encounter for closed fracture with malunion', 'cb92bad3-68b2-49c1-bfac-494ff18b57f3', 0);
insert into patients (id, human_readable_identifier, organization_id, notes, bed_id, is_discharged) values ('52d68bc2-045a-423c-b03f-df58f3335de3', 'Andeee Skippings', '3b25c6f5-4705-4074-9fc6-a50c28eba406', 'Person on outside of three-wheeled motor vehicle injured in collision with railway train or railway vehicle in traffic accident, sequela', null, 1);
insert into patients (id, human_readable_identifier, organization_id, notes, bed_id, is_discharged) values ('d341aeba-b5d2-42e7-9dd7-77ae5ae78e70', 'Rici Stoddard', '3b25c6f5-4705-4074-9fc6-a50c28eba406', 'Traumatic subdural hemorrhage', null, 1);
insert into patients (id, human_readable_identifier, organization_id, notes, bed_id, is_discharged) values ('d3323f5c-62a1-4abf-8088-72162fe52c0c', 'Arron Truce', '3b25c6f5-4705-4074-9fc6-a50c28eba406', 'Encounter for fitting and adjustment of unspecified right artificial leg', null, 0);
insert into patients (id, human_readable_identifier, organization_id, notes, bed_id, is_discharged) values ('bf3ee02f-adba-4320-8fa6-dd9456585232', 'Troy Whatling', '3b25c6f5-4705-4074-9fc6-a50c28eba406', 'Unspecified focal traumatic brain injury with loss of consciousness of 31 minutes to 59 minutes, initial encounter', null, 1);
insert into patients (id, human_readable_identifier, organization_id, notes, bed_id, is_discharged) values ('7f29f9d7-f44c-4f0d-8883-8ce8f5967642', 'Neely Denyukin', '3b25c6f5-4705-4074-9fc6-a50c28eba406', 'Person boarding or alighting a pick-up truck or van injured in collision with pedestrian or animal', null, 1);
insert into patients (id, human_readable_identifier, organization_id, notes, bed_id, is_discharged) values ('397784be-eb27-4189-ab46-9d0a5c21944c', 'Dode Stobo', '3b25c6f5-4705-4074-9fc6-a50c28eba406', 'Direct infection of wrist in infectious and parasitic diseases classified elsewhere', null, 1);
insert into patients (id, human_readable_identifier, organization_id, notes, bed_id, is_discharged) values ('f2e2af04-9ddc-4a22-b648-e8b9feea23d7', 'Flore Trenaman', '3b25c6f5-4705-4074-9fc6-a50c28eba406', 'Malignant neoplasm of unspecified orbit', null, 1);
insert into patients (id, human_readable_identifier, organization_id, notes, bed_id, is_discharged) values ('5f00d59a-72b1-4eb6-9817-5a3aec7476ef', 'Corrine Billyeald', '3b25c6f5-4705-4074-9fc6-a50c28eba406', 'Sprain of the superior tibiofibular joint and ligament, unspecified knee, subsequent encounter', null, 0);

-- tasks

-- subtasks

-- task_templates

-- task_template_subtasks

