-- wards

insert into wards (id, name, organization_id) values ('51aca99b-2372-40b4-99ed-355dad6c014d', 'Portage', '3b25c6f5-4705-4074-9fc6-a50c28eba406');
insert into wards (id, name, organization_id) values ('0f13614c-9043-4af7-a439-cc569ba22639', 'Ohio', '3b25c6f5-4705-4074-9fc6-a50c28eba406');
insert into wards (id, name, organization_id) values ('626e8c70-dc93-44fb-a9d5-0b828a0a0c4b', 'Arrowood', '3b25c6f5-4705-4074-9fc6-a50c28eba406');


-- rooms
insert into rooms (id, name, organization_id, ward_id) values ('b79dc72f-8359-4058-bd7a-e4b7019a5ec3', 'Sales', '3b25c6f5-4705-4074-9fc6-a50c28eba406', '0f13614c-9043-4af7-a439-cc569ba22639');
insert into rooms (id, name, organization_id, ward_id) values ('c7e6c19e-df2e-4130-b8f3-97b551f911ed', 'Research and Development', '3b25c6f5-4705-4074-9fc6-a50c28eba406', '51aca99b-2372-40b4-99ed-355dad6c014d');
insert into rooms (id, name, organization_id, ward_id) values ('80d49a5a-573e-4a7a-a9b4-f8d2431f6f14', 'Legal', '3b25c6f5-4705-4074-9fc6-a50c28eba406', '51aca99b-2372-40b4-99ed-355dad6c014d');
insert into rooms (id, name, organization_id, ward_id) values ('2a3b9111-1f78-4d36-8318-1c69c1e5ad51', 'Whatever else', '3b25c6f5-4705-4074-9fc6-a50c28eba406', '0f13614c-9043-4af7-a439-cc569ba22639');

-- beds
insert into beds (id, room_id, organization_id, name) values ('cb92bad3-68b2-49c1-bfac-494ff18b57f3', 'b79dc72f-8359-4058-bd7a-e4b7019a5ec3', '3b25c6f5-4705-4074-9fc6-a50c28eba406', 'Aquamarine');
insert into beds (id, room_id, organization_id, name) values ('31d2cb94-c6fd-4d98-acd4-128c31d51693', 'b79dc72f-8359-4058-bd7a-e4b7019a5ec3', '3b25c6f5-4705-4074-9fc6-a50c28eba406', 'Khaki');
insert into beds (id, room_id, organization_id, name) values ('371e0bb7-1d55-46bb-a972-4bea0df958da', 'c7e6c19e-df2e-4130-b8f3-97b551f911ed', '3b25c6f5-4705-4074-9fc6-a50c28eba406', 'Orange');
insert into beds (id, room_id, organization_id, name) values ('01e91d0a-88ac-402b-932e-bae326a7c234', 'c7e6c19e-df2e-4130-b8f3-97b551f911ed', '3b25c6f5-4705-4074-9fc6-a50c28eba406', 'Teal');
insert into beds (id, room_id, organization_id, name) values ('03d95f53-06f1-4163-b9c2-4aa03d1bcc5e', 'b79dc72f-8359-4058-bd7a-e4b7019a5ec3', '3b25c6f5-4705-4074-9fc6-a50c28eba406', 'Green');
insert into beds (id, room_id, organization_id, name) values ('c9cb785f-4db3-42f8-935a-b5c88652231b', 'c7e6c19e-df2e-4130-b8f3-97b551f911ed', '3b25c6f5-4705-4074-9fc6-a50c28eba406', 'Violet');
insert into beds (id, room_id, organization_id, name) values ('edef8f4f-fa11-471c-9340-c667ae6ecf09', 'b79dc72f-8359-4058-bd7a-e4b7019a5ec3', '3b25c6f5-4705-4074-9fc6-a50c28eba406', 'Indigo');
insert into beds (id, room_id, organization_id, name) values ('99205989-53a4-4362-8280-c746d30ebc12', 'c7e6c19e-df2e-4130-b8f3-97b551f911ed', '3b25c6f5-4705-4074-9fc6-a50c28eba406', 'Yellow');
insert into beds (id, room_id, organization_id, name) values ('9a2824d8-cd31-4c5f-82df-1c6bf1d443c6', 'b79dc72f-8359-4058-bd7a-e4b7019a5ec3', '3b25c6f5-4705-4074-9fc6-a50c28eba406', 'Pink');
insert into beds (id, room_id, organization_id, name) values ('1d8fbe74-37be-4ec1-beb2-0518b51e1da8', '80d49a5a-573e-4a7a-a9b4-f8d2431f6f14', '3b25c6f5-4705-4074-9fc6-a50c28eba406', 'Turquoise');
insert into beds (id, room_id, organization_id, name) values ('9f5d0d44-066e-4520-aec3-46a51090d15a', 'c7e6c19e-df2e-4130-b8f3-97b551f911ed', '3b25c6f5-4705-4074-9fc6-a50c28eba406', 'Red');
insert into beds (id, room_id, organization_id, name) values ('8612b526-9f2b-486f-9e6c-d1581ef5b6be', 'c7e6c19e-df2e-4130-b8f3-97b551f911ed', '3b25c6f5-4705-4074-9fc6-a50c28eba406', 'Fuscia');
insert into beds (id, room_id, organization_id, name) values ('018bd012-4aa1-468f-b57c-c0028507c332', 'c7e6c19e-df2e-4130-b8f3-97b551f911ed', '3b25c6f5-4705-4074-9fc6-a50c28eba406', 'Mauv');

-- patients
insert into patients (id, human_readable_identifier, organization_id, notes, bed_id, is_discharged) values ('b8fa077f-4bc2-4c54-82fa-57d6728db45c', 'Marwin Othen', '3b25c6f5-4705-4074-9fc6-a50c28eba406', 'Strain of flexor muscle, fascia and tendon of left ring finger at wrist and hand level, subsequent encounter', 'edef8f4f-fa11-471c-9340-c667ae6ecf09', 0);
insert into patients (id, human_readable_identifier, organization_id, notes, bed_id, is_discharged) values ('2a7f62d2-926c-4a0b-a963-2b4cdc89e1e7', 'Prudy Shimoni', '3b25c6f5-4705-4074-9fc6-a50c28eba406', 'Contusion of right little finger with damage to nail', '31d2cb94-c6fd-4d98-acd4-128c31d51693', 0);
insert into patients (id, human_readable_identifier, organization_id, notes, bed_id, is_discharged) values ('bad8fe7e-8f11-4c30-a97f-05f211882909', 'Robinette Euston', '3b25c6f5-4705-4074-9fc6-a50c28eba406', 'Laceration with foreign body of unspecified lesser toe(s) with damage to nail, initial encounter', '99205989-53a4-4362-8280-c746d30ebc12', 0);
insert into patients (id, human_readable_identifier, organization_id, notes, bed_id, is_discharged) values ('0ac1b278-3110-42e8-90ce-542821c75afc', 'Adey Edson', '3b25c6f5-4705-4074-9fc6-a50c28eba406', 'Nondisplaced fracture of neck of unspecified metacarpal bone, subsequent encounter for fracture with delayed healing', null, 1);
insert into patients (id, human_readable_identifier, organization_id, notes, bed_id, is_discharged) values ('2e830d2f-69c9-4e38-bd4b-ab43decc7ae3', 'Cloris Dunbavin', '3b25c6f5-4705-4074-9fc6-a50c28eba406', 'Transient synovitis, shoulder', null, 0);
insert into patients (id, human_readable_identifier, organization_id, notes, bed_id, is_discharged) values ('d2023b5e-7f84-4328-96b5-ffd5ddd7ccae', 'Kane Seel', '3b25c6f5-4705-4074-9fc6-a50c28eba406', 'Nondisplaced unspecified fracture of right great toe, subsequent encounter for fracture with routine healing', null, 1);
insert into patients (id, human_readable_identifier, organization_id, notes, bed_id, is_discharged) values ('9d868246-ffb8-43bd-95f8-2fc4fea196df', 'Clarey Laxston', '3b25c6f5-4705-4074-9fc6-a50c28eba406', 'Other specified disorders of bone density and structure, unspecified site', null, 1);
insert into patients (id, human_readable_identifier, organization_id, notes, bed_id, is_discharged) values ('23edc7ee-5a0e-41ac-91b3-db21455b6e6b', 'Janot Mabon', '3b25c6f5-4705-4074-9fc6-a50c28eba406', 'Other specified injury of long flexor muscle, fascia and tendon of left thumb at wrist and hand level, initial encounter', null, 1);
insert into patients (id, human_readable_identifier, organization_id, notes, bed_id, is_discharged) values ('040da2fd-4705-41b5-9422-93e37d46b1c7', 'Kalila Burtwistle', '3b25c6f5-4705-4074-9fc6-a50c28eba406', 'Disorder of ligament, left hip', null, 0);
insert into patients (id, human_readable_identifier, organization_id, notes, bed_id, is_discharged) values ('06f57c97-509e-4b41-9839-233f29197f56', 'Clerc Levay', '3b25c6f5-4705-4074-9fc6-a50c28eba406', 'Other extraarticular fracture of lower end of left radius, subsequent encounter for open fracture type I or II with nonunion', '1d8fbe74-37be-4ec1-beb2-0518b51e1da8', 0);
insert into patients (id, human_readable_identifier, organization_id, notes, bed_id, is_discharged) values ('2d977c7a-c0a8-4d06-b474-1824d440d8b4', 'Dorothea Gurr', '3b25c6f5-4705-4074-9fc6-a50c28eba406', 'Other osteoporosis with current pathological fracture, left ankle and foot', null, 1);
insert into patients (id, human_readable_identifier, organization_id, notes, bed_id, is_discharged) values ('8763d32d-73d1-4e53-b367-b970ee5f6c18', 'Grazia Rehn', '3b25c6f5-4705-4074-9fc6-a50c28eba406', 'Corrosion of third degree of unspecified site of lower limb, except ankle and foot', '9f5d0d44-066e-4520-aec3-46a51090d15a', 0);
insert into patients (id, human_readable_identifier, organization_id, notes, bed_id, is_discharged) values ('d43c1842-3965-4752-b7ac-438c2bc925b1', 'Jehanna Pandya', '3b25c6f5-4705-4074-9fc6-a50c28eba406', 'Unspecified disorder of synovium and tendon, left upper arm', null, 1);
insert into patients (id, human_readable_identifier, organization_id, notes, bed_id, is_discharged) values ('707aa958-b3b5-485a-83ab-bbd030605bf5', 'Cosetta Enrico', '3b25c6f5-4705-4074-9fc6-a50c28eba406', 'Underdosing of unspecified antipsychotics and neuroleptics, subsequent encounter', '9a2824d8-cd31-4c5f-82df-1c6bf1d443c6', 0);
insert into patients (id, human_readable_identifier, organization_id, notes, bed_id, is_discharged) values ('af155e2e-0715-453b-8731-ef79af3a4966', 'Garrik Stannislawski', '3b25c6f5-4705-4074-9fc6-a50c28eba406', 'Salter-Harris Type II physeal fracture of upper end of right tibia, subsequent encounter for fracture with routine healing', null, 1);
insert into patients (id, human_readable_identifier, organization_id, notes, bed_id, is_discharged) values ('7aa796e6-5253-445b-a3fc-41f76531cab7', 'Dalia Barnewell', '3b25c6f5-4705-4074-9fc6-a50c28eba406', 'Poisoning by anticholinesterase agents, undetermined, sequela', null, 1);
insert into patients (id, human_readable_identifier, organization_id, notes, bed_id, is_discharged) values ('1dd8f65c-6bdc-40f5-9a1a-b6dbd52f3fd4', 'Hallsy Yoell', '3b25c6f5-4705-4074-9fc6-a50c28eba406', 'Other subluxation of right knee, subsequent encounter', null, 1);
insert into patients (id, human_readable_identifier, organization_id, notes, bed_id, is_discharged) values ('4a2e5163-57a7-4a50-9ed7-981c119848d7', 'Desiree Ert', '3b25c6f5-4705-4074-9fc6-a50c28eba406', 'Unspecified injury of inferior mesenteric artery, subsequent encounter', '8612b526-9f2b-486f-9e6c-d1581ef5b6be', 0);
insert into patients (id, human_readable_identifier, organization_id, notes, bed_id, is_discharged) values ('a28c6344-620d-4a53-9025-e4c275fa768a', 'Manny Emanuelov', '3b25c6f5-4705-4074-9fc6-a50c28eba406', 'Abrasion of right little finger, subsequent encounter', null, 1);
insert into patients (id, human_readable_identifier, organization_id, notes, bed_id, is_discharged) values ('9a2431b1-de9f-401d-b7bf-a5691e8a5ebc', 'Jena Floyde', '3b25c6f5-4705-4074-9fc6-a50c28eba406', 'Pauciarticular juvenile rheumatoid arthritis, left hip', null, 1);
insert into patients (id, human_readable_identifier, organization_id, notes, bed_id, is_discharged) values ('ddb6c139-cd0d-4c65-95d8-288035eabf54', 'Byram Zealy', '3b25c6f5-4705-4074-9fc6-a50c28eba406', 'Strain of unspecified muscle and tendon at ankle and foot level, unspecified foot, subsequent encounter', null, 1);
insert into patients (id, human_readable_identifier, organization_id, notes, bed_id, is_discharged) values ('b1f373b9-30f4-4e77-a202-bb392b4080d3', 'Corissa Bruins', '3b25c6f5-4705-4074-9fc6-a50c28eba406', 'Military operations involving destruction of aircraft due to collision with other aircraft, civilian, sequela', null, 1);
insert into patients (id, human_readable_identifier, organization_id, notes, bed_id, is_discharged) values ('8fef78e5-3040-4664-a071-5f2cf4387fbe', 'Nikola Cobleigh', '3b25c6f5-4705-4074-9fc6-a50c28eba406', 'Unspecified superficial injury of unspecified thumb, subsequent encounter', null, 1);
insert into patients (id, human_readable_identifier, organization_id, notes, bed_id, is_discharged) values ('f3c65081-1597-4b0b-bb7d-96256cf329fa', 'Egbert Merriott', '3b25c6f5-4705-4074-9fc6-a50c28eba406', 'Other pemphigus', '01e91d0a-88ac-402b-932e-bae326a7c234', 0);
insert into patients (id, human_readable_identifier, organization_id, notes, bed_id, is_discharged) values ('9051e39b-da5f-40b1-98bb-2491943553af', 'Averell Apted', '3b25c6f5-4705-4074-9fc6-a50c28eba406', 'Abrasion of left elbow, subsequent encounter', null, 1);
insert into patients (id, human_readable_identifier, organization_id, notes, bed_id, is_discharged) values ('e20f0d11-7c82-4565-b7a8-6ba2811ebcd0', 'Bradney Flagg', '3b25c6f5-4705-4074-9fc6-a50c28eba406', 'Unspecified injury of lung, bilateral, subsequent encounter', null, 0);
insert into patients (id, human_readable_identifier, organization_id, notes, bed_id, is_discharged) values ('1da13722-d37e-41bb-b6db-c47422e7ef60', 'Sisile Oxlade', '3b25c6f5-4705-4074-9fc6-a50c28eba406', 'Mammary duct ectasia of left breast', null, 1);
insert into patients (id, human_readable_identifier, organization_id, notes, bed_id, is_discharged) values ('92d8a98f-40bb-4460-ad63-9938c253670e', 'Mary Feldbaum', '3b25c6f5-4705-4074-9fc6-a50c28eba406', 'Air embolism following infusion, transfusion and therapeutic injection, initial encounter', null, 1);
insert into patients (id, human_readable_identifier, organization_id, notes, bed_id, is_discharged) values ('9ee5b1f9-b726-4dea-872a-141135bb9079', 'Louise Feldklein', '3b25c6f5-4705-4074-9fc6-a50c28eba406', 'Poisoning by monoamine-oxidase-inhibitor antidepressants, accidental (unintentional)', null, 1);
insert into patients (id, human_readable_identifier, organization_id, notes, bed_id, is_discharged) values ('ddb17a4d-a9e3-4ffe-8b37-6e7b04f93d48', 'Tadd Jowitt', '3b25c6f5-4705-4074-9fc6-a50c28eba406', 'Laceration of brachial artery, left side, initial encounter', null, 1);
insert into patients (id, human_readable_identifier, organization_id, notes, bed_id, is_discharged) values ('a5d17f16-b5f8-4ce3-995a-82b13eadc1ae', 'Keely Fewkes', '3b25c6f5-4705-4074-9fc6-a50c28eba406', 'Toxic effect of ethanol, intentional self-harm', '03d95f53-06f1-4163-b9c2-4aa03d1bcc5e', 0);
insert into patients (id, human_readable_identifier, organization_id, notes, bed_id, is_discharged) values ('029df1d1-7d74-44e0-a093-e038123cce3c', 'Davie Dislee', '3b25c6f5-4705-4074-9fc6-a50c28eba406', 'Unspecified open wound of right cheek and temporomandibular area, initial encounter', '371e0bb7-1d55-46bb-a972-4bea0df958da', 0);
insert into patients (id, human_readable_identifier, organization_id, notes, bed_id, is_discharged) values ('4b7c4003-1130-483e-bb61-a5cf6eadcb38', 'Bronny Jojic', '3b25c6f5-4705-4074-9fc6-a50c28eba406', 'Toxic effect of other organic solvents, assault, sequela', null, 1);
insert into patients (id, human_readable_identifier, organization_id, notes, bed_id, is_discharged) values ('de70d0d0-94da-4d00-9dfc-54723320fe47', 'Gabriel Crotty', '3b25c6f5-4705-4074-9fc6-a50c28eba406', 'Passenger in pick-up truck or van injured in collision with other nonmotor vehicle in traffic accident, initial encounter', null, 1);
insert into patients (id, human_readable_identifier, organization_id, notes, bed_id, is_discharged) values ('65708dab-983d-450a-8786-57b1336a2e9f', 'Shawna Vondruska', '3b25c6f5-4705-4074-9fc6-a50c28eba406', 'Unspecified injury of brachial artery, right side, subsequent encounter', null, 1);
insert into patients (id, human_readable_identifier, organization_id, notes, bed_id, is_discharged) values ('523a7890-eebe-4c5d-8d28-747038803a30', 'Henderson Rivelin', '3b25c6f5-4705-4074-9fc6-a50c28eba406', 'Displaced segmental fracture of shaft of right femur, subsequent encounter for open fracture type IIIA, IIIB, or IIIC with nonunion', null, 1);
insert into patients (id, human_readable_identifier, organization_id, notes, bed_id, is_discharged) values ('69e67845-2b4a-4eec-bde6-fa51d47f7ae6', 'Steffi Simionato', '3b25c6f5-4705-4074-9fc6-a50c28eba406', 'Unspecified injury of other specified muscles, fascia and tendons at thigh level, unspecified thigh, initial encounter', null, 1);
insert into patients (id, human_readable_identifier, organization_id, notes, bed_id, is_discharged) values ('d5836f3c-6445-4442-b9da-82949af80428', 'Olag Mooreed', '3b25c6f5-4705-4074-9fc6-a50c28eba406', 'Osteitis condensans, shoulder', 'c9cb785f-4db3-42f8-935a-b5c88652231b', 0);
insert into patients (id, human_readable_identifier, organization_id, notes, bed_id, is_discharged) values ('53518dde-4fea-487c-946d-9aeedab4fd01', 'Zorana Gery', '3b25c6f5-4705-4074-9fc6-a50c28eba406', 'Contact with metalworking machines', null, 1);
insert into patients (id, human_readable_identifier, organization_id, notes, bed_id, is_discharged) values ('48cd2509-3b50-4d2f-9228-41f1b7947bea', 'Jewel Lovelady', '3b25c6f5-4705-4074-9fc6-a50c28eba406', 'Poisoning by vitamins, assault, initial encounter', null, 1);
insert into patients (id, human_readable_identifier, organization_id, notes, bed_id, is_discharged) values ('541807d6-788b-47a6-95be-9842dd58a5ce', 'Ignacio Cullity', '3b25c6f5-4705-4074-9fc6-a50c28eba406', 'Non-pressure chronic ulcer of left calf', null, 0);
insert into patients (id, human_readable_identifier, organization_id, notes, bed_id, is_discharged) values ('1e68267e-0149-47d8-9052-cb5df340044b', 'Patric Trudgion', '3b25c6f5-4705-4074-9fc6-a50c28eba406', 'Driver of pick-up truck or van injured in collision with other motor vehicles in traffic accident', null, 1);
insert into patients (id, human_readable_identifier, organization_id, notes, bed_id, is_discharged) values ('c05e189c-06c8-479e-b3b9-306f2b66c07d', 'Margit Bottby', '3b25c6f5-4705-4074-9fc6-a50c28eba406', 'Traumatic rupture of other ligament of right ring finger at metacarpophalangeal and interphalangeal joint, initial encounter', null, 1);
insert into patients (id, human_readable_identifier, organization_id, notes, bed_id, is_discharged) values ('cc26d443-8997-4c50-9510-b85014ddaa84', 'Bourke Pioch', '3b25c6f5-4705-4074-9fc6-a50c28eba406', 'Unspecified fracture of unspecified foot, subsequent encounter for fracture with malunion', null, 1);
insert into patients (id, human_readable_identifier, organization_id, notes, bed_id, is_discharged) values ('04da6ed3-1082-4149-8b29-abbcde3cd6b5', 'Lorain Marchiso', '3b25c6f5-4705-4074-9fc6-a50c28eba406', 'Infection and inflammatory reaction due to implanted electronic neurostimulator of brain, electrode (lead), subsequent encounter', null, 0);
insert into patients (id, human_readable_identifier, organization_id, notes, bed_id, is_discharged) values ('c1c104f0-52c5-46d3-9441-33d0b0c03f87', 'Iggie Lafflina', '3b25c6f5-4705-4074-9fc6-a50c28eba406', 'Displaced segmental fracture of shaft of unspecified fibula, subsequent encounter for closed fracture with malunion', 'cb92bad3-68b2-49c1-bfac-494ff18b57f3', 0);
insert into patients (id, human_readable_identifier, organization_id, notes, bed_id, is_discharged) values ('52d68bc2-045a-423c-b03f-df58f3335de3', 'Andeee Skippings', '3b25c6f5-4705-4074-9fc6-a50c28eba406', 'Person on outside of three-wheeled motor vehicle injured in collision with railway train or railway vehicle in traffic accident, sequela', null, 1);
insert into patients (id, human_readable_identifier, organization_id, notes, bed_id, is_discharged) values ('d341aeba-b5d2-42e7-9dd7-77ae5ae78e70', 'Rici Stoddard', '3b25c6f5-4705-4074-9fc6-a50c28eba406', 'Traumatic subdural hemorrhage', null, 1);
insert into patients (id, human_readable_identifier, organization_id, notes, bed_id, is_discharged) values ('d3323f5c-62a1-4abf-8088-72162fe52c0c', 'Arron Truce', '3b25c6f5-4705-4074-9fc6-a50c28eba406', 'Encounter for fitting and adjustment of unspecified right artificial leg', null, 0);
insert into patients (id, human_readable_identifier, organization_id, notes, bed_id, is_discharged) values ('bf3ee02f-adba-4320-8fa6-dd9456585232', 'Troy Whatling', '3b25c6f5-4705-4074-9fc6-a50c28eba406', 'Unspecified focal traumatic brain injury with loss of consciousness of 31 minutes to 59 minutes, initial encounter', null, 1);
insert into patients (id, human_readable_identifier, organization_id, notes, bed_id, is_discharged) values ('7f29f9d7-f44c-4f0d-8883-8ce8f5967642', 'Neely Denyukin', '3b25c6f5-4705-4074-9fc6-a50c28eba406', 'Person boarding or alighting a pick-up truck or van injured in collision with pedestrian or animal', null, 1);
insert into patients (id, human_readable_identifier, organization_id, notes, bed_id, is_discharged) values ('397784be-eb27-4189-ab46-9d0a5c21944c', 'Dode Stobo', '3b25c6f5-4705-4074-9fc6-a50c28eba406', 'Direct infection of wrist in infectious and parasitic diseases classified elsewhere', null, 1);
insert into patients (id, human_readable_identifier, organization_id, notes, bed_id, is_discharged) values ('f2e2af04-9ddc-4a22-b648-e8b9feea23d7', 'Flore Trenaman', '3b25c6f5-4705-4074-9fc6-a50c28eba406', 'Malignant neoplasm of unspecified orbit', null, 1);
insert into patients (id, human_readable_identifier, organization_id, notes, bed_id, is_discharged) values ('5f00d59a-72b1-4eb6-9817-5a3aec7476ef', 'Corrine Billyeald', '3b25c6f5-4705-4074-9fc6-a50c28eba406', 'Sprain of the superior tibiofibular joint and ligament, unspecified knee, subsequent encounter', null, 0);

-- used users:
-- 8aa8a5ee-2a35-4203-81bb-baf4ca17a9e9, 531244c4-0500-4701-91ef-a03645ba92b2, 5db6cc86-bbf1-4fa6-bbe8-a8cdea869758, df363387-7774-4592-b01c-2b765abaa86a, 73c0d265-3c9a-410a-8eaf-0174fc57f421, 3e795d31-1912-4b09-8e5a-fd62a2461a8c, 22b47b87-aadf-4e81-802d-9e23489e696c, 674217fc-05a6-4eec-ad7e-8a2d0dc8caa9, 46697884-4792-49ff-b243-14a17eb5b871, 3a82ae88-c43a-4ada-8659-9c5f372cb48d, 00000000-0000-0000-0000-000000000000

-- tasks
insert into tasks (id, name, description, status, assigned_user_id, patient_id, public, organization_id, created_by, due_at) values ('dd1d2393-cd96-46ed-ab4b-2325d0332bed', 'Drainage of Accessory Nerve, Open Approach, Diagnostic', 'Bypass Bilateral Ureters to Cutaneous, Percutaneous Endoscopic Approach', 3, '73c0d265-3c9a-410a-8eaf-0174fc57f421', 'b1f373b9-30f4-4e77-a202-bb392b4080d3', true, '3b25c6f5-4705-4074-9fc6-a50c28eba406', '3e795d31-1912-4b09-8e5a-fd62a2461a8c', '2024-02-01 04:24:35');
insert into tasks (id, name, description, status, assigned_user_id, patient_id, public, organization_id, created_by, due_at) values ('2b32ad4a-100b-4cca-a4aa-90b53d12ccc2', 'Revision of Nonaut Sub in R Low Extrem, Perc Endo Approach', 'Resection of Jejunum, Open Approach', 2, '531244c4-0500-4701-91ef-a03645ba92b2', 'bf3ee02f-adba-4320-8fa6-dd9456585232', false, '3b25c6f5-4705-4074-9fc6-a50c28eba406', 'df363387-7774-4592-b01c-2b765abaa86a', '2023-02-02 02:31:16');
insert into tasks (id, name, description, status, assigned_user_id, patient_id, public, organization_id, created_by, due_at) values ('ceffe1b1-84f6-42c7-b058-dc2897509f49', 'Introduce of Radioact Subst into Fem Reprod, Perc Approach', '', 2, '3a82ae88-c43a-4ada-8659-9c5f372cb48d', '8763d32d-73d1-4e53-b367-b970ee5f6c18', false, '3b25c6f5-4705-4074-9fc6-a50c28eba406', '73c0d265-3c9a-410a-8eaf-0174fc57f421', '2023-07-02 16:48:52');
insert into tasks (id, name, description, status, assigned_user_id, patient_id, public, organization_id, created_by, due_at) values ('56bb419a-6d94-4332-8f6d-f79783f1c781', 'Supplement R Face Vein with Synth Sub, Perc Endo Approach', 'Tomographic (Tomo) Nuclear Medicine Imaging of Brain using Thallium 201 (Tl-201)', 3, '674217fc-05a6-4eec-ad7e-8a2d0dc8caa9', 'd43c1842-3965-4752-b7ac-438c2bc925b1', false, '3b25c6f5-4705-4074-9fc6-a50c28eba406', '8aa8a5ee-2a35-4203-81bb-baf4ca17a9e9', '2024-01-05 09:07:53');
insert into tasks (id, name, description, status, assigned_user_id, patient_id, public, organization_id, created_by, due_at) values ('7a7f68ef-e28b-4ef6-9efa-b45ed3ded42e', 'Repair Right Ankle Bursa and Ligament, Perc Endo Approach', 'Excision of Right Main Bronchus, Open Approach, Diagnostic', 2, '73c0d265-3c9a-410a-8eaf-0174fc57f421', '1dd8f65c-6bdc-40f5-9a1a-b6dbd52f3fd4', true, '3b25c6f5-4705-4074-9fc6-a50c28eba406', '22b47b87-aadf-4e81-802d-9e23489e696c', '2025-01-27 10:25:49');
insert into tasks (id, name, description, status, assigned_user_id, patient_id, public, organization_id, created_by, due_at) values ('444b801b-502f-4a56-a007-8f7d5f2a9e7e', 'Repair Thoracic Vertebral Disc, Perc Endo Approach', 'Bypass Left Femoral Artery to Lower Extremity Artery with Autologous Arterial Tissue, Open Approach', 2, 'df363387-7774-4592-b01c-2b765abaa86a', '52d68bc2-045a-423c-b03f-df58f3335de3', false, '3b25c6f5-4705-4074-9fc6-a50c28eba406', '3e795d31-1912-4b09-8e5a-fd62a2461a8c', '2023-09-19 14:16:20');
insert into tasks (id, name, description, status, assigned_user_id, patient_id, public, organization_id, created_by, due_at) values ('a66c5c73-9049-4e56-8ee0-d09b27cbbd23', 'Destruction of Perineum Tendon, Percutaneous Approach', '', 2, '5db6cc86-bbf1-4fa6-bbe8-a8cdea869758', '2a7f62d2-926c-4a0b-a963-2b4cdc89e1e7', true, '3b25c6f5-4705-4074-9fc6-a50c28eba406', '46697884-4792-49ff-b243-14a17eb5b871', '2023-06-25 03:59:27');
insert into tasks (id, name, description, status, assigned_user_id, patient_id, public, organization_id, created_by, due_at) values ('de756805-43ab-4f2d-83dd-d761b91914e7', 'Supplement L Low Leg Tendon with Synth Sub, Open Approach', 'Inspection of Endocrine Gland, Percutaneous Endoscopic Approach', 2, 'df363387-7774-4592-b01c-2b765abaa86a', 'a28c6344-620d-4a53-9025-e4c275fa768a', true, '3b25c6f5-4705-4074-9fc6-a50c28eba406', 'df363387-7774-4592-b01c-2b765abaa86a', '2023-11-27 21:24:28');
insert into tasks (id, name, description, status, assigned_user_id, patient_id, public, organization_id, created_by, due_at) values ('2788364b-6bdf-4b8d-aa01-041b1b80533e', 'Detachment at Right Upper Leg, High, Open Approach', 'Insertion of Spacer into Right Temporomandibular Joint, Percutaneous Approach', 1, '531244c4-0500-4701-91ef-a03645ba92b2', '23edc7ee-5a0e-41ac-91b3-db21455b6e6b', false, '3b25c6f5-4705-4074-9fc6-a50c28eba406', '531244c4-0500-4701-91ef-a03645ba92b2', '2025-01-24 07:27:54');
insert into tasks (id, name, description, status, assigned_user_id, patient_id, public, organization_id, created_by, due_at) values ('d0cd4f55-4b07-4216-acd2-8aef1ad01edc', 'Revision of Intralum Dev in Vagina & Cul-de-sac, Via Opening', 'Hepatobiliary System and Pancreas, Fragmentation', 2, 'df363387-7774-4592-b01c-2b765abaa86a', '2e830d2f-69c9-4e38-bd4b-ab43decc7ae3', true, '3b25c6f5-4705-4074-9fc6-a50c28eba406', '22b47b87-aadf-4e81-802d-9e23489e696c', '2024-10-07 04:19:52');
insert into tasks (id, name, description, status, assigned_user_id, patient_id, public, organization_id, created_by, due_at) values ('4bb4b915-cde5-48db-9768-c51dee8ec021', 'Revise of Infusion Dev in Thoracic Duct, Perc Endo Approach', 'Beam Radiation of Uterus using Photons 1 - 10 MeV', 3, '73c0d265-3c9a-410a-8eaf-0174fc57f421', '9ee5b1f9-b726-4dea-872a-141135bb9079', true, '3b25c6f5-4705-4074-9fc6-a50c28eba406', '8aa8a5ee-2a35-4203-81bb-baf4ca17a9e9', '2025-03-15 02:22:55');
insert into tasks (id, name, description, status, assigned_user_id, patient_id, public, organization_id, created_by, due_at) values ('045618d6-4346-4694-96dc-736ab9e4f4d7', 'Revise Infusion Dev in L Metacarpophal Jt, Perc Endo', 'Repair Left Upper Lung Lobe, Percutaneous Endoscopic Approach', 2, '46697884-4792-49ff-b243-14a17eb5b871', 'ddb17a4d-a9e3-4ffe-8b37-6e7b04f93d48', true, '3b25c6f5-4705-4074-9fc6-a50c28eba406', '8aa8a5ee-2a35-4203-81bb-baf4ca17a9e9', '2023-07-24 21:24:08');
insert into tasks (id, name, description, status, assigned_user_id, patient_id, public, organization_id, created_by, due_at) values ('249a1021-73ae-4996-a701-9a19603cec21', 'Transplantation of Bilateral Lungs, Syngeneic, Open Approach', '', 1, '531244c4-0500-4701-91ef-a03645ba92b2', '707aa958-b3b5-485a-83ab-bbd030605bf5', true, '3b25c6f5-4705-4074-9fc6-a50c28eba406', '8aa8a5ee-2a35-4203-81bb-baf4ca17a9e9', '2022-12-27 11:56:37');
insert into tasks (id, name, description, status, assigned_user_id, patient_id, public, organization_id, created_by, due_at) values ('58905ce6-56fe-40e8-a2d4-1d701e082b72', 'Replacement of Sternum with Synth Sub, Perc Approach', 'Computerized Tomography (CT Scan) of Trachea/Airways using High Osmolar Contrast, Unenhanced and Enhanced', 3, '3a82ae88-c43a-4ada-8659-9c5f372cb48d', '23edc7ee-5a0e-41ac-91b3-db21455b6e6b', true, '3b25c6f5-4705-4074-9fc6-a50c28eba406', '674217fc-05a6-4eec-ad7e-8a2d0dc8caa9', '2024-08-10 10:51:36');
insert into tasks (id, name, description, status, assigned_user_id, patient_id, public, organization_id, created_by, due_at) values ('20863649-d855-4b0d-af4f-76199749c509', 'Supplement L Metatarsotars Jt with Autol Sub, Perc Approach', '', 3, '8aa8a5ee-2a35-4203-81bb-baf4ca17a9e9', '06f57c97-509e-4b41-9839-233f29197f56', false, '3b25c6f5-4705-4074-9fc6-a50c28eba406', '531244c4-0500-4701-91ef-a03645ba92b2', '2022-12-20 18:26:18');
insert into tasks (id, name, description, status, assigned_user_id, patient_id, public, organization_id, created_by, due_at) values ('2f6f90e5-23d9-4c93-bad5-ef844bbdda27', 'Supplement L Finger Phalanx Jt w Nonaut Sub, Open', 'Reposition Right Temporal Artery, Percutaneous Endoscopic Approach', 3, '5db6cc86-bbf1-4fa6-bbe8-a8cdea869758', '541807d6-788b-47a6-95be-9842dd58a5ce', true, '3b25c6f5-4705-4074-9fc6-a50c28eba406', '00000000-0000-0000-0000-000000000000', '2025-02-06 00:39:40');
insert into tasks (id, name, description, status, assigned_user_id, patient_id, public, organization_id, created_by, due_at) values ('2bda078a-ee5e-49e3-8a25-5c14c7b65682', 'Removal of Infusion Device from Testis, Perc Approach', 'Excision of Appendix, Percutaneous Endoscopic Approach, Diagnostic', 3, '46697884-4792-49ff-b243-14a17eb5b871', 'd2023b5e-7f84-4328-96b5-ffd5ddd7ccae', true, '3b25c6f5-4705-4074-9fc6-a50c28eba406', '5db6cc86-bbf1-4fa6-bbe8-a8cdea869758', '2025-04-05 03:18:58');
insert into tasks (id, name, description, status, assigned_user_id, patient_id, public, organization_id, created_by, due_at) values ('7fcc7ad0-3860-4892-90c6-fbfc5f879c9b', 'Radiation Therapy, Breast, Stereotactic Radiosurgery', 'Removal of External Fixation Device from Left Carpal, Percutaneous Approach', 2, 'df363387-7774-4592-b01c-2b765abaa86a', '9a2431b1-de9f-401d-b7bf-a5691e8a5ebc', false, '3b25c6f5-4705-4074-9fc6-a50c28eba406', '22b47b87-aadf-4e81-802d-9e23489e696c', '2024-12-06 12:15:43');
insert into tasks (id, name, description, status, assigned_user_id, patient_id, public, organization_id, created_by, due_at) values ('fe6a3b93-f803-418b-8cc0-c90fc423e8ad', 'Revision of Drain Dev in L Metacarpophal Jt, Extern Approach', 'Supplement Right Lower Arm and Wrist Tendon with Nonautologous Tissue Substitute, Percutaneous Endoscopic Approach', 1, '5db6cc86-bbf1-4fa6-bbe8-a8cdea869758', '48cd2509-3b50-4d2f-9228-41f1b7947bea', false, '3b25c6f5-4705-4074-9fc6-a50c28eba406', '46697884-4792-49ff-b243-14a17eb5b871', '2023-02-18 07:26:47');
insert into tasks (id, name, description, status, assigned_user_id, patient_id, public, organization_id, created_by, due_at) values ('3b9e7844-6eee-4f7f-ba4d-2e0d977793c8', 'Drainage of Cystic Duct, Perc Endo Approach, Diagn', '', 1, '531244c4-0500-4701-91ef-a03645ba92b2', '04da6ed3-1082-4149-8b29-abbcde3cd6b5', false, '3b25c6f5-4705-4074-9fc6-a50c28eba406', '674217fc-05a6-4eec-ad7e-8a2d0dc8caa9', '2024-06-18 17:45:44');
insert into tasks (id, name, description, status, assigned_user_id, patient_id, public, organization_id, created_by, due_at) values ('ed4939f8-dd9f-427d-8c46-7f0409037668', 'Fusion of R Finger Phalanx Jt with Autol Sub, Open Approach', 'Replacement of Left Femoral Shaft with Autologous Tissue Substitute, Percutaneous Approach', 2, '674217fc-05a6-4eec-ad7e-8a2d0dc8caa9', '7f29f9d7-f44c-4f0d-8883-8ce8f5967642', true, '3b25c6f5-4705-4074-9fc6-a50c28eba406', '531244c4-0500-4701-91ef-a03645ba92b2', '2024-11-30 07:28:14');
insert into tasks (id, name, description, status, assigned_user_id, patient_id, public, organization_id, created_by, due_at) values ('3fae6b47-ff14-4a1a-9554-3c35e0214920', 'Drainage of Right Trunk Tendon, Percutaneous Approach', 'Drainage of Right Sternoclavicular Joint, Percutaneous Endoscopic Approach, Diagnostic', 2, '22b47b87-aadf-4e81-802d-9e23489e696c', 'a5d17f16-b5f8-4ce3-995a-82b13eadc1ae', true, '3b25c6f5-4705-4074-9fc6-a50c28eba406', '00000000-0000-0000-0000-000000000000', '2023-02-27 02:13:55');
insert into tasks (id, name, description, status, assigned_user_id, patient_id, public, organization_id, created_by, due_at) values ('69a90a3b-21d5-4094-bd83-6a929e37f194', 'Excision of Right Lower Leg Muscle, Open Approach, Diagn', 'Repair Left Upper Arm Subcutaneous Tissue and Fascia, Open Approach', 1, '22b47b87-aadf-4e81-802d-9e23489e696c', 'd3323f5c-62a1-4abf-8088-72162fe52c0c', true, '3b25c6f5-4705-4074-9fc6-a50c28eba406', 'df363387-7774-4592-b01c-2b765abaa86a', '2023-12-29 13:21:03');
insert into tasks (id, name, description, status, assigned_user_id, patient_id, public, organization_id, created_by, due_at) values ('e1dd4cbf-1bd3-44ea-b967-998056e0e6fd', 'Heart and Great Vessels, Inspection', 'Drainage of Perineum Muscle with Drainage Device, Percutaneous Approach', 3, '00000000-0000-0000-0000-000000000000', 'b1f373b9-30f4-4e77-a202-bb392b4080d3', true, '3b25c6f5-4705-4074-9fc6-a50c28eba406', '73c0d265-3c9a-410a-8eaf-0174fc57f421', '2022-12-20 03:39:09');
insert into tasks (id, name, description, status, assigned_user_id, patient_id, public, organization_id, created_by, due_at) values ('87a6446e-fcea-4c09-aa4f-bf3d529cebde', 'Dilate Sup Mesent Art, Bifurc, w 3 Drug-elut, Open', '', 1, '3e795d31-1912-4b09-8e5a-fd62a2461a8c', '707aa958-b3b5-485a-83ab-bbd030605bf5', true, '3b25c6f5-4705-4074-9fc6-a50c28eba406', '674217fc-05a6-4eec-ad7e-8a2d0dc8caa9', '2025-04-10 01:51:04');
insert into tasks (id, name, description, status, assigned_user_id, patient_id, public, organization_id, created_by, due_at) values ('1eaf1f03-d5b9-4f3a-b27f-f892c63886ec', 'Revision of Drain Dev in Tracheobronc Tree, Extern Approach', 'Fluoroscopy of Right Upper Extremity Veins using High Osmolar Contrast', 3, '674217fc-05a6-4eec-ad7e-8a2d0dc8caa9', '06f57c97-509e-4b41-9839-233f29197f56', true, '3b25c6f5-4705-4074-9fc6-a50c28eba406', '5db6cc86-bbf1-4fa6-bbe8-a8cdea869758', '2024-02-25 14:04:13');
insert into tasks (id, name, description, status, assigned_user_id, patient_id, public, organization_id, created_by, due_at) values ('227c506a-c73b-4efc-bb88-6e119d87bf6b', 'Excision of Right Middle Lobe Bronchus, Via Opening', 'Drainage of Right Brachial Artery with Drainage Device, Open Approach', 2, '531244c4-0500-4701-91ef-a03645ba92b2', '2d977c7a-c0a8-4d06-b474-1824d440d8b4', false, '3b25c6f5-4705-4074-9fc6-a50c28eba406', '3a82ae88-c43a-4ada-8659-9c5f372cb48d', '2024-11-12 04:32:12');
insert into tasks (id, name, description, status, assigned_user_id, patient_id, public, organization_id, created_by, due_at) values ('0a4b4616-ba16-432a-ba50-55b1b58c8a88', 'Revision of Autol Sub in L Thumb Phalanx, Extern Approach', 'Introduction of Oxazolidinones into Lymphatics, Percutaneous Approach', 1, 'df363387-7774-4592-b01c-2b765abaa86a', '8763d32d-73d1-4e53-b367-b970ee5f6c18', true, '3b25c6f5-4705-4074-9fc6-a50c28eba406', '73c0d265-3c9a-410a-8eaf-0174fc57f421', '2024-04-07 18:21:24');
insert into tasks (id, name, description, status, assigned_user_id, patient_id, public, organization_id, created_by, due_at) values ('2e240fa3-00f6-4d49-89dd-33d8f21bab46', 'Destruction of Right Nipple, Via Opening', 'Dilation of Hepatic Artery, Bifurcation, with Four or More Drug-eluting Intraluminal Devices, Open Approach', 3, '22b47b87-aadf-4e81-802d-9e23489e696c', '1da13722-d37e-41bb-b6db-c47422e7ef60', true, '3b25c6f5-4705-4074-9fc6-a50c28eba406', '8aa8a5ee-2a35-4203-81bb-baf4ca17a9e9', '2023-04-07 10:39:52');
insert into tasks (id, name, description, status, assigned_user_id, patient_id, public, organization_id, created_by, due_at) values ('0d4c8a6b-74c6-4dd8-acc9-d55e0ad9c60d', 'Reposition Left Lower Eyelid, Open Approach', 'Supplement Chordae Tendineae with Autologous Tissue Substitute, Percutaneous Approach', 1, '3e795d31-1912-4b09-8e5a-fd62a2461a8c', 'c05e189c-06c8-479e-b3b9-306f2b66c07d', false, '3b25c6f5-4705-4074-9fc6-a50c28eba406', '73c0d265-3c9a-410a-8eaf-0174fc57f421', '2025-01-21 13:06:48');
insert into tasks (id, name, description, status, assigned_user_id, patient_id, public, organization_id, created_by, due_at) values ('283e2353-dbb5-4f9d-97e8-364a23d1ab2e', 'Excision of Right Tarsal Joint, Percutaneous Approach', '', 2, '8aa8a5ee-2a35-4203-81bb-baf4ca17a9e9', '53518dde-4fea-487c-946d-9aeedab4fd01', false, '3b25c6f5-4705-4074-9fc6-a50c28eba406', '3a82ae88-c43a-4ada-8659-9c5f372cb48d', '2024-01-15 15:52:58');
insert into tasks (id, name, description, status, assigned_user_id, patient_id, public, organization_id, created_by, due_at) values ('3f02573c-4de3-4ee7-8d07-c45a3a15f910', 'Plain Radiography of Facial Bones', 'Drainage of Right Clavicle with Drainage Device, Percutaneous Endoscopic Approach', 3, '674217fc-05a6-4eec-ad7e-8a2d0dc8caa9', '7aa796e6-5253-445b-a3fc-41f76531cab7', false, '3b25c6f5-4705-4074-9fc6-a50c28eba406', '674217fc-05a6-4eec-ad7e-8a2d0dc8caa9', '2024-08-07 01:16:41');
insert into tasks (id, name, description, status, assigned_user_id, patient_id, public, organization_id, created_by, due_at) values ('04511ae8-39e4-4e35-994b-8e462cf5a73f', 'HDR Brachytherapy of Bile Ducts using Iodine 125', 'Removal of Synthetic Substitute from Left Radius, Percutaneous Endoscopic Approach', 3, 'df363387-7774-4592-b01c-2b765abaa86a', 'ddb17a4d-a9e3-4ffe-8b37-6e7b04f93d48', true, '3b25c6f5-4705-4074-9fc6-a50c28eba406', '8aa8a5ee-2a35-4203-81bb-baf4ca17a9e9', '2022-12-03 04:51:10');
insert into tasks (id, name, description, status, assigned_user_id, patient_id, public, organization_id, created_by, due_at) values ('6b7e7b0c-596f-499b-ae7b-e9f90dc60f4d', 'Insertion of Radioactive Element into R Wrist, Open Approach', 'Magnetic Resonance Imaging (MRI) of Neck using Other Contrast', 1, '531244c4-0500-4701-91ef-a03645ba92b2', '23edc7ee-5a0e-41ac-91b3-db21455b6e6b', true, '3b25c6f5-4705-4074-9fc6-a50c28eba406', '3e795d31-1912-4b09-8e5a-fd62a2461a8c', '2023-05-13 05:08:24');
insert into tasks (id, name, description, status, assigned_user_id, patient_id, public, organization_id, created_by, due_at) values ('aa16ec68-0291-47ed-a5d0-9f0cc21e05a0', 'Dilate Mid Colic Art, Bifurc, w 4 Drug-elut, Perc', '', 1, '5db6cc86-bbf1-4fa6-bbe8-a8cdea869758', '9a2431b1-de9f-401d-b7bf-a5691e8a5ebc', true, '3b25c6f5-4705-4074-9fc6-a50c28eba406', '531244c4-0500-4701-91ef-a03645ba92b2', '2024-06-03 10:50:11');
insert into tasks (id, name, description, status, assigned_user_id, patient_id, public, organization_id, created_by, due_at) values ('bc5d1f18-5145-42b4-ba18-dc7242626fae', 'Inspection of Right Wrist Joint, Open Approach', 'Resection of Right Wrist Bursa and Ligament, Open Approach', 3, '531244c4-0500-4701-91ef-a03645ba92b2', '65708dab-983d-450a-8786-57b1336a2e9f', false, '3b25c6f5-4705-4074-9fc6-a50c28eba406', '3a82ae88-c43a-4ada-8659-9c5f372cb48d', '2024-09-10 21:27:34');
insert into tasks (id, name, description, status, assigned_user_id, patient_id, public, organization_id, created_by, due_at) values ('57a6451c-782b-4439-88b1-73117c158377', 'Bypass L Subclav Art to Bi Up Arm Art w Nonaut Sub, Open', 'Dilation of Left Femoral Artery, Bifurcation, with Four or More Intraluminal Devices, Open Approach', 1, '674217fc-05a6-4eec-ad7e-8a2d0dc8caa9', 'af155e2e-0715-453b-8731-ef79af3a4966', true, '3b25c6f5-4705-4074-9fc6-a50c28eba406', '5db6cc86-bbf1-4fa6-bbe8-a8cdea869758', '2025-01-29 02:58:09');
insert into tasks (id, name, description, status, assigned_user_id, patient_id, public, organization_id, created_by, due_at) values ('ff04811d-e4f2-43a3-9d89-159b0541e436', 'Removal of Autol Sub from Brain, Perc Approach', '', 1, '00000000-0000-0000-0000-000000000000', '4a2e5163-57a7-4a50-9ed7-981c119848d7', false, '3b25c6f5-4705-4074-9fc6-a50c28eba406', '5db6cc86-bbf1-4fa6-bbe8-a8cdea869758', '2024-05-30 20:13:04');
insert into tasks (id, name, description, status, assigned_user_id, patient_id, public, organization_id, created_by, due_at) values ('c90c8104-de70-470d-af65-8b2422fbfd62', 'Excision of Cervix, Percutaneous Approach, Diagnostic', 'Dilation of Upper Esophagus, Open Approach', 3, 'df363387-7774-4592-b01c-2b765abaa86a', '9ee5b1f9-b726-4dea-872a-141135bb9079', false, '3b25c6f5-4705-4074-9fc6-a50c28eba406', 'df363387-7774-4592-b01c-2b765abaa86a', '2024-11-29 22:34:45');
insert into tasks (id, name, description, status, assigned_user_id, patient_id, public, organization_id, created_by, due_at) values ('db3dddb7-019e-48fd-a245-4d3d7cec05a9', 'Revision of Intraluminal Device in Nose, Open Approach', '', 3, '674217fc-05a6-4eec-ad7e-8a2d0dc8caa9', '65708dab-983d-450a-8786-57b1336a2e9f', true, '3b25c6f5-4705-4074-9fc6-a50c28eba406', '5db6cc86-bbf1-4fa6-bbe8-a8cdea869758', '2023-05-31 10:20:21');
insert into tasks (id, name, description, status, assigned_user_id, patient_id, public, organization_id, created_by, due_at) values ('2c11934d-aec0-4b8e-ac05-e34bed9fac8e', 'Supplement Left Lacrimal Duct with Autol Sub, Open Approach', 'Release Left Upper Leg Tendon, Open Approach', 2, '46697884-4792-49ff-b243-14a17eb5b871', '69e67845-2b4a-4eec-bde6-fa51d47f7ae6', true, '3b25c6f5-4705-4074-9fc6-a50c28eba406', '5db6cc86-bbf1-4fa6-bbe8-a8cdea869758', '2024-08-12 16:56:49');
insert into tasks (id, name, description, status, assigned_user_id, patient_id, public, organization_id, created_by, due_at) values ('a6da2f20-f631-4fdc-a50e-5cef264f2f15', 'Revision of Infusion Device in Great Vessel, Open Approach', '', 3, '00000000-0000-0000-0000-000000000000', '7f29f9d7-f44c-4f0d-8883-8ce8f5967642', false, '3b25c6f5-4705-4074-9fc6-a50c28eba406', '73c0d265-3c9a-410a-8eaf-0174fc57f421', '2023-07-25 10:37:57');
insert into tasks (id, name, description, status, assigned_user_id, patient_id, public, organization_id, created_by, due_at) values ('17de489a-9ae4-4298-8e2a-64ba31e5a250', 'Bypass R Innom Vein to Up Vein w Autol Vn, Perc Endo', 'Destruction of Right Glenoid Cavity, Open Approach', 2, '3a82ae88-c43a-4ada-8659-9c5f372cb48d', '65708dab-983d-450a-8786-57b1336a2e9f', true, '3b25c6f5-4705-4074-9fc6-a50c28eba406', 'df363387-7774-4592-b01c-2b765abaa86a', '2023-12-27 07:57:33');
insert into tasks (id, name, description, status, assigned_user_id, patient_id, public, organization_id, created_by, due_at) values ('851f2a7e-73ed-4990-bccf-7f6c2e89d9ab', 'Release Left Elbow Joint, External Approach', 'Bypass Right Kidney Pelvis to Right Kidney Pelvis, Open Approach', 3, '674217fc-05a6-4eec-ad7e-8a2d0dc8caa9', 'a5d17f16-b5f8-4ce3-995a-82b13eadc1ae', true, '3b25c6f5-4705-4074-9fc6-a50c28eba406', '531244c4-0500-4701-91ef-a03645ba92b2', '2024-10-19 18:31:14');
insert into tasks (id, name, description, status, assigned_user_id, patient_id, public, organization_id, created_by, due_at) values ('96e32e60-f1f4-4f49-a918-1f8da4a6fd21', 'Insertion of Infusion Device into Right Lung, Perc Approach', 'Revision of Synthetic Substitute in Lower Artery, External Approach', 1, '46697884-4792-49ff-b243-14a17eb5b871', '029df1d1-7d74-44e0-a093-e038123cce3c', false, '3b25c6f5-4705-4074-9fc6-a50c28eba406', '3e795d31-1912-4b09-8e5a-fd62a2461a8c', '2023-03-25 12:31:03');
insert into tasks (id, name, description, status, assigned_user_id, patient_id, public, organization_id, created_by, due_at) values ('f0566273-28e5-46f1-a85d-5ebd493a26de', 'Drainage of Buccal Mucosa, Percutaneous Approach, Diagnostic', 'Supplement Right Axilla with Synthetic Substitute, Percutaneous Endoscopic Approach', 2, '3e795d31-1912-4b09-8e5a-fd62a2461a8c', '2e830d2f-69c9-4e38-bd4b-ab43decc7ae3', true, '3b25c6f5-4705-4074-9fc6-a50c28eba406', '73c0d265-3c9a-410a-8eaf-0174fc57f421', '2023-07-15 20:21:49');
insert into tasks (id, name, description, status, assigned_user_id, patient_id, public, organization_id, created_by, due_at) values ('503b6598-a1f0-4a1f-b4b8-f37dea4ea9a9', 'Bypass Azygos Vein to Up Vein w Synth Sub, Perc Endo', '', 3, '3e795d31-1912-4b09-8e5a-fd62a2461a8c', '2e830d2f-69c9-4e38-bd4b-ab43decc7ae3', false, '3b25c6f5-4705-4074-9fc6-a50c28eba406', '531244c4-0500-4701-91ef-a03645ba92b2', '2023-09-15 06:26:30');
insert into tasks (id, name, description, status, assigned_user_id, patient_id, public, organization_id, created_by, due_at) values ('cfdf8e12-7038-4580-9255-8fd51009f421', 'Dilation of R Int Mamm Art, Bifurc, Open Approach', '', 2, '531244c4-0500-4701-91ef-a03645ba92b2', 'f3c65081-1597-4b0b-bb7d-96256cf329fa', true, '3b25c6f5-4705-4074-9fc6-a50c28eba406', '674217fc-05a6-4eec-ad7e-8a2d0dc8caa9', '2022-12-23 18:54:10');
insert into tasks (id, name, description, status, assigned_user_id, patient_id, public, organization_id, created_by, due_at) values ('e815909c-4709-4e67-b387-f069f00ff9c8', 'Dilate of Celiac Art with 2 Intralum Dev, Perc Endo Approach', 'Revision of Synthetic Substitute in Left Elbow Joint, Open Approach', 1, 'df363387-7774-4592-b01c-2b765abaa86a', 'd43c1842-3965-4752-b7ac-438c2bc925b1', true, '3b25c6f5-4705-4074-9fc6-a50c28eba406', '3e795d31-1912-4b09-8e5a-fd62a2461a8c', '2024-04-13 09:32:25');
insert into tasks (id, name, description, status, assigned_user_id, patient_id, public, organization_id, created_by, due_at) values ('77e97632-88d4-463d-9be9-6869cdf7ace2', 'Removal of Int Fix from R Tarsal Jt, Perc Endo Approach', 'Revision of Feeding Device in Upper Intestinal Tract, Percutaneous Approach', 1, 'df363387-7774-4592-b01c-2b765abaa86a', '52d68bc2-045a-423c-b03f-df58f3335de3', true, '3b25c6f5-4705-4074-9fc6-a50c28eba406', '46697884-4792-49ff-b243-14a17eb5b871', '2024-01-12 15:15:39');
insert into tasks (id, name, description, status, assigned_user_id, patient_id, public, organization_id, created_by, due_at) values ('8f440795-ede8-4295-8603-f1c257687754', 'Dilate L Foot Art, Bifurc, w 3 Drug-elut, Open', 'Revision of Autologous Tissue Substitute in Right Carpal, External Approach', 2, '3a82ae88-c43a-4ada-8659-9c5f372cb48d', 'e20f0d11-7c82-4565-b7a8-6ba2811ebcd0', true, '3b25c6f5-4705-4074-9fc6-a50c28eba406', '46697884-4792-49ff-b243-14a17eb5b871', '2023-04-12 07:37:52');
insert into tasks (id, name, description, status, assigned_user_id, patient_id, public, organization_id, created_by, due_at) values ('b9c97686-edbb-46da-9f09-7d9c97186020', 'Reattachment of Right Thorax Tendon, Open Approach', 'Replacement of Nasal Turbinate with Autologous Tissue Substitute, Percutaneous Approach', 3, '531244c4-0500-4701-91ef-a03645ba92b2', '65708dab-983d-450a-8786-57b1336a2e9f', true, '3b25c6f5-4705-4074-9fc6-a50c28eba406', '8aa8a5ee-2a35-4203-81bb-baf4ca17a9e9', '2023-11-29 07:08:28');
insert into tasks (id, name, description, status, assigned_user_id, patient_id, public, organization_id, created_by, due_at) values ('5bbda217-668f-498c-9a52-8f3a7fa6f772', 'Revise of Infusion Dev in Vagina & Cul-de-sac, Perc Approach', '', 1, '531244c4-0500-4701-91ef-a03645ba92b2', 'de70d0d0-94da-4d00-9dfc-54723320fe47', false, '3b25c6f5-4705-4074-9fc6-a50c28eba406', '22b47b87-aadf-4e81-802d-9e23489e696c', '2024-07-04 17:45:21');
insert into tasks (id, name, description, status, assigned_user_id, patient_id, public, organization_id, created_by, due_at) values ('8bd926b4-3476-4eed-9fa7-db8ab7b65671', 'Restriction of Urethra, Percutaneous Endoscopic Approach', 'Extirpation of Matter from Right Axillary Lymphatic, Percutaneous Approach', 3, '5db6cc86-bbf1-4fa6-bbe8-a8cdea869758', 'a5d17f16-b5f8-4ce3-995a-82b13eadc1ae', true, '3b25c6f5-4705-4074-9fc6-a50c28eba406', 'df363387-7774-4592-b01c-2b765abaa86a', '2023-01-14 16:56:11');
insert into tasks (id, name, description, status, assigned_user_id, patient_id, public, organization_id, created_by, due_at) values ('811484b9-7776-4656-9e07-4e5691449977', 'Bypass Thor Aorta Desc to Subclav w Synth Sub, Open', 'Stereotactic Other Photon Radiosurgery of Parathyroid Glands', 2, '46697884-4792-49ff-b243-14a17eb5b871', '2d977c7a-c0a8-4d06-b474-1824d440d8b4', false, '3b25c6f5-4705-4074-9fc6-a50c28eba406', '00000000-0000-0000-0000-000000000000', '2024-06-24 17:43:52');
insert into tasks (id, name, description, status, assigned_user_id, patient_id, public, organization_id, created_by, due_at) values ('40aa8544-9776-4700-b035-76865df3a0cc', 'Revision of Drainage Device in L Knee Jt, Perc Approach', 'Release Phrenic Nerve, Open Approach', 2, '73c0d265-3c9a-410a-8eaf-0174fc57f421', 'e20f0d11-7c82-4565-b7a8-6ba2811ebcd0', false, '3b25c6f5-4705-4074-9fc6-a50c28eba406', '531244c4-0500-4701-91ef-a03645ba92b2', '2023-03-27 11:26:41');
insert into tasks (id, name, description, status, assigned_user_id, patient_id, public, organization_id, created_by, due_at) values ('c6668cd6-6a8e-4c46-988d-8c771aeefa24', 'Excision of Left Upper Leg, Open Approach, Diagnostic', 'Resection of Vagina, Open Approach', 3, '73c0d265-3c9a-410a-8eaf-0174fc57f421', '23edc7ee-5a0e-41ac-91b3-db21455b6e6b', false, '3b25c6f5-4705-4074-9fc6-a50c28eba406', 'df363387-7774-4592-b01c-2b765abaa86a', '2023-06-04 23:23:38');
insert into tasks (id, name, description, status, assigned_user_id, patient_id, public, organization_id, created_by, due_at) values ('749b262f-953a-4605-b57b-81a9cad64aae', 'Excision of Bilateral Breast, Percutaneous Approach', '', 3, '22b47b87-aadf-4e81-802d-9e23489e696c', 'a5d17f16-b5f8-4ce3-995a-82b13eadc1ae', true, '3b25c6f5-4705-4074-9fc6-a50c28eba406', '5db6cc86-bbf1-4fa6-bbe8-a8cdea869758', '2024-10-13 23:58:37');
insert into tasks (id, name, description, status, assigned_user_id, patient_id, public, organization_id, created_by, due_at) values ('18fecf80-27d9-41a4-9183-1e44aa605d2f', 'Replacement of Tongue with Nonaut Sub, Extern Approach', 'Drainage of Spinal Canal, Percutaneous Endoscopic Approach', 2, '3e795d31-1912-4b09-8e5a-fd62a2461a8c', '52d68bc2-045a-423c-b03f-df58f3335de3', true, '3b25c6f5-4705-4074-9fc6-a50c28eba406', '5db6cc86-bbf1-4fa6-bbe8-a8cdea869758', '2023-08-14 06:14:19');
insert into tasks (id, name, description, status, assigned_user_id, patient_id, public, organization_id, created_by, due_at) values ('54d4360a-7027-4336-b153-e2eb6c797436', 'Drainage of L Elbow Bursa/Lig, Perc Endo Approach', 'Resection of Tongue, Palate, Pharynx Muscle, Percutaneous Endoscopic Approach', 3, '3a82ae88-c43a-4ada-8659-9c5f372cb48d', 'bf3ee02f-adba-4320-8fa6-dd9456585232', false, '3b25c6f5-4705-4074-9fc6-a50c28eba406', '531244c4-0500-4701-91ef-a03645ba92b2', '2022-12-14 17:54:15');
insert into tasks (id, name, description, status, assigned_user_id, patient_id, public, organization_id, created_by, due_at) values ('93665228-249f-4668-8ca6-2bb3b9936d96', 'Occlusion of Colic Vein with Intralum Dev, Open Approach', 'Insertion of Infusion Device into Right Lung, Percutaneous Approach', 1, '8aa8a5ee-2a35-4203-81bb-baf4ca17a9e9', '2d977c7a-c0a8-4d06-b474-1824d440d8b4', true, '3b25c6f5-4705-4074-9fc6-a50c28eba406', 'df363387-7774-4592-b01c-2b765abaa86a', '2024-05-12 07:56:36');
insert into tasks (id, name, description, status, assigned_user_id, patient_id, public, organization_id, created_by, due_at) values ('0978b60c-8ddd-450a-9e98-e066be941856', 'Alteration of Right Upper Arm with Autol Sub, Open Approach', 'Reposition Upper Vein, Percutaneous Endoscopic Approach', 1, '3a82ae88-c43a-4ada-8659-9c5f372cb48d', 'e20f0d11-7c82-4565-b7a8-6ba2811ebcd0', false, '3b25c6f5-4705-4074-9fc6-a50c28eba406', '22b47b87-aadf-4e81-802d-9e23489e696c', '2024-02-17 12:47:04');
insert into tasks (id, name, description, status, assigned_user_id, patient_id, public, organization_id, created_by, due_at) values ('91798151-71c8-49d8-ac7e-0b1eb3854736', 'Resection of Left Superior Parathyroid Gland, Open Approach', 'Reposition Left Lower Leg Tendon, Open Approach', 3, '3e795d31-1912-4b09-8e5a-fd62a2461a8c', '53518dde-4fea-487c-946d-9aeedab4fd01', true, '3b25c6f5-4705-4074-9fc6-a50c28eba406', '22b47b87-aadf-4e81-802d-9e23489e696c', '2023-07-11 05:22:03');
insert into tasks (id, name, description, status, assigned_user_id, patient_id, public, organization_id, created_by, due_at) values ('bf625616-367c-466b-b147-75add17debfe', 'Release Left Metacarpal, Percutaneous Approach', 'Release Head and Neck Tendon, External Approach', 3, '46697884-4792-49ff-b243-14a17eb5b871', 'd5836f3c-6445-4442-b9da-82949af80428', false, '3b25c6f5-4705-4074-9fc6-a50c28eba406', '73c0d265-3c9a-410a-8eaf-0174fc57f421', '2024-07-22 01:19:07');
insert into tasks (id, name, description, status, assigned_user_id, patient_id, public, organization_id, created_by, due_at) values ('c9aeccc3-d307-4973-be73-b9001465065a', 'Alteration of R Up Arm with Nonaut Sub, Perc Endo Approach', 'Supplement Left Maxilla with Synthetic Substitute, Percutaneous Approach', 3, '73c0d265-3c9a-410a-8eaf-0174fc57f421', '7f29f9d7-f44c-4f0d-8883-8ce8f5967642', true, '3b25c6f5-4705-4074-9fc6-a50c28eba406', '22b47b87-aadf-4e81-802d-9e23489e696c', '2025-02-26 18:31:20');
insert into tasks (id, name, description, status, assigned_user_id, patient_id, public, organization_id, created_by, due_at) values ('4e2724b8-38db-40cf-8511-b57b28f80866', 'Irrigation of Periton Cav using Dialysate, Perc Approach', 'Stereotactic Other Photon Radiosurgery of Mouth', 3, '5db6cc86-bbf1-4fa6-bbe8-a8cdea869758', '23edc7ee-5a0e-41ac-91b3-db21455b6e6b', false, '3b25c6f5-4705-4074-9fc6-a50c28eba406', 'df363387-7774-4592-b01c-2b765abaa86a', '2024-10-24 05:26:11');
insert into tasks (id, name, description, status, assigned_user_id, patient_id, public, organization_id, created_by, due_at) values ('53922d3d-0252-4fdc-a281-a9a41c0727da', 'Insertion of Ext Fix into R Patella, Open Approach', 'Occlusion of Right Common Iliac Artery, Percutaneous Endoscopic Approach', 3, '73c0d265-3c9a-410a-8eaf-0174fc57f421', 'bf3ee02f-adba-4320-8fa6-dd9456585232', false, '3b25c6f5-4705-4074-9fc6-a50c28eba406', '00000000-0000-0000-0000-000000000000', '2024-09-20 17:28:34');
insert into tasks (id, name, description, status, assigned_user_id, patient_id, public, organization_id, created_by, due_at) values ('fa75c34d-acfd-452d-ab0b-2b0b89a59f0c', 'Repair Left Frontal Bone, Percutaneous Approach', '', 3, '674217fc-05a6-4eec-ad7e-8a2d0dc8caa9', '1dd8f65c-6bdc-40f5-9a1a-b6dbd52f3fd4', false, '3b25c6f5-4705-4074-9fc6-a50c28eba406', '531244c4-0500-4701-91ef-a03645ba92b2', '2023-10-18 22:02:23');
insert into tasks (id, name, description, status, assigned_user_id, patient_id, public, organization_id, created_by, due_at) values ('7d4d16b2-f0d6-474d-9312-180e8734fc26', 'Replacement of Low Tooth, All, with Synth Sub, Open Approach', 'Release Tongue, Palate, Pharynx Muscle, Open Approach', 2, '8aa8a5ee-2a35-4203-81bb-baf4ca17a9e9', 'bf3ee02f-adba-4320-8fa6-dd9456585232', true, '3b25c6f5-4705-4074-9fc6-a50c28eba406', 'df363387-7774-4592-b01c-2b765abaa86a', '2024-11-20 23:26:08');
insert into tasks (id, name, description, status, assigned_user_id, patient_id, public, organization_id, created_by, due_at) values ('4454d62d-fd22-40f8-b4ab-2f1de65ed881', 'Drainage of Right Lower Extremity, Percutaneous Approach', 'Reposition Right Occipital Bone, Percutaneous Endoscopic Approach', 3, '22b47b87-aadf-4e81-802d-9e23489e696c', '65708dab-983d-450a-8786-57b1336a2e9f', false, '3b25c6f5-4705-4074-9fc6-a50c28eba406', '674217fc-05a6-4eec-ad7e-8a2d0dc8caa9', '2024-03-25 06:17:50');
insert into tasks (id, name, description, status, assigned_user_id, patient_id, public, organization_id, created_by, due_at) values ('c555b6ca-d453-48dd-8ca1-93473c7732ce', 'Bypass L Ext Iliac Art to B Ext Ilia w Synth Sub, Perc Endo', 'Removal of Autologous Tissue Substitute from Right Upper Extremity, Open Approach', 3, 'df363387-7774-4592-b01c-2b765abaa86a', '1dd8f65c-6bdc-40f5-9a1a-b6dbd52f3fd4', false, '3b25c6f5-4705-4074-9fc6-a50c28eba406', '00000000-0000-0000-0000-000000000000', '2024-03-14 10:17:35');
insert into tasks (id, name, description, status, assigned_user_id, patient_id, public, organization_id, created_by, due_at) values ('db837e36-2cd9-4e1e-a9da-1062f96530f6', 'Extirpation of Matter from Upper Vein, Perc Endo Approach', 'Dilation of Right Hand Artery, Bifurcation, with Three Drug-eluting Intraluminal Devices, Percutaneous Approach', 2, '674217fc-05a6-4eec-ad7e-8a2d0dc8caa9', 'd43c1842-3965-4752-b7ac-438c2bc925b1', true, '3b25c6f5-4705-4074-9fc6-a50c28eba406', '5db6cc86-bbf1-4fa6-bbe8-a8cdea869758', '2023-08-01 15:25:46');
insert into tasks (id, name, description, status, assigned_user_id, patient_id, public, organization_id, created_by, due_at) values ('9395112c-4903-409d-b7ab-c70bd87b5288', 'Drainage of Right Large Intestine, Open Approach', 'Release Left Tunica Vaginalis, Percutaneous Endoscopic Approach', 2, '3e795d31-1912-4b09-8e5a-fd62a2461a8c', 'a28c6344-620d-4a53-9025-e4c275fa768a', true, '3b25c6f5-4705-4074-9fc6-a50c28eba406', '8aa8a5ee-2a35-4203-81bb-baf4ca17a9e9', '2023-10-12 18:58:59');
insert into tasks (id, name, description, status, assigned_user_id, patient_id, public, organization_id, created_by, due_at) values ('fbaaac31-0826-4289-b759-96a4f0d72401', 'Extraction of Post Neck Subcu/Fascia, Perc Approach', 'Removal of Autologous Tissue Substitute from Right Finger Phalangeal Joint, Percutaneous Approach', 1, '531244c4-0500-4701-91ef-a03645ba92b2', '4a2e5163-57a7-4a50-9ed7-981c119848d7', false, '3b25c6f5-4705-4074-9fc6-a50c28eba406', '46697884-4792-49ff-b243-14a17eb5b871', '2024-10-24 15:23:21');
insert into tasks (id, name, description, status, assigned_user_id, patient_id, public, organization_id, created_by, due_at) values ('b025f9bb-7852-45c2-82a6-bfee3adcbddd', 'Removal of Drain Dev from Vagina & Cul-de-sac, Perc Approach', 'Supplement Left Nipple with Autologous Tissue Substitute, Via Natural or Artificial Opening Endoscopic', 3, '00000000-0000-0000-0000-000000000000', '8763d32d-73d1-4e53-b367-b970ee5f6c18', true, '3b25c6f5-4705-4074-9fc6-a50c28eba406', '674217fc-05a6-4eec-ad7e-8a2d0dc8caa9', '2024-06-12 00:04:24');
insert into tasks (id, name, description, status, assigned_user_id, patient_id, public, organization_id, created_by, due_at) values ('8f64950a-2441-4b86-9f7e-75931fa8b2c4', 'Plain Radiography of Mastoids', 'Restriction of Colic Vein, Percutaneous Approach', 2, '46697884-4792-49ff-b243-14a17eb5b871', 'ddb6c139-cd0d-4c65-95d8-288035eabf54', true, '3b25c6f5-4705-4074-9fc6-a50c28eba406', '3e795d31-1912-4b09-8e5a-fd62a2461a8c', '2023-05-01 09:02:11');
insert into tasks (id, name, description, status, assigned_user_id, patient_id, public, organization_id, created_by, due_at) values ('39203936-ae8d-43f1-b5ad-a306461e865d', 'Repair Buccal Mucosa, External Approach', 'Revision of Infusion Device in Prostate and Seminal Vesicles, External Approach', 2, '531244c4-0500-4701-91ef-a03645ba92b2', 'b1f373b9-30f4-4e77-a202-bb392b4080d3', false, '3b25c6f5-4705-4074-9fc6-a50c28eba406', '22b47b87-aadf-4e81-802d-9e23489e696c', '2023-08-27 21:01:27');
insert into tasks (id, name, description, status, assigned_user_id, patient_id, public, organization_id, created_by, due_at) values ('d038e40a-96f1-49c4-8506-f16b59bb96eb', 'CT Scan of Chest & Abd using L Osm Contrast', 'Dilation of Splenic Artery, Bifurcation, with Three Drug-eluting Intraluminal Devices, Open Approach', 2, '00000000-0000-0000-0000-000000000000', '523a7890-eebe-4c5d-8d28-747038803a30', true, '3b25c6f5-4705-4074-9fc6-a50c28eba406', '73c0d265-3c9a-410a-8eaf-0174fc57f421', '2024-07-20 01:27:42');
insert into tasks (id, name, description, status, assigned_user_id, patient_id, public, organization_id, created_by, due_at) values ('bbd5f823-ba99-4066-b6ca-6b1d4821248c', 'Fusion of L Metacarpocarp Jt with Ext Fix, Open Approach', '', 3, '674217fc-05a6-4eec-ad7e-8a2d0dc8caa9', 'cc26d443-8997-4c50-9510-b85014ddaa84', true, '3b25c6f5-4705-4074-9fc6-a50c28eba406', '73c0d265-3c9a-410a-8eaf-0174fc57f421', '2023-12-07 01:43:45');
insert into tasks (id, name, description, status, assigned_user_id, patient_id, public, organization_id, created_by, due_at) values ('e8d26f7d-a4e3-49f9-a493-cf2dacf214cd', 'Removal of Int Fix from L Humeral Head, Extern Approach', 'Bypass Superior Mesenteric Vein to Lower Vein with Synthetic Substitute, Percutaneous Endoscopic Approach', 1, '674217fc-05a6-4eec-ad7e-8a2d0dc8caa9', 'bad8fe7e-8f11-4c30-a97f-05f211882909', false, '3b25c6f5-4705-4074-9fc6-a50c28eba406', '3a82ae88-c43a-4ada-8659-9c5f372cb48d', '2025-04-07 18:36:58');
insert into tasks (id, name, description, status, assigned_user_id, patient_id, public, organization_id, created_by, due_at) values ('b488b448-46dd-41ca-b4e2-910df5ace4b2', 'LDR Brachytherapy of Nasopharynx using Iridium 192', 'Restriction of Large Intestine with Extraluminal Device, Percutaneous Approach', 2, '5db6cc86-bbf1-4fa6-bbe8-a8cdea869758', 'd2023b5e-7f84-4328-96b5-ffd5ddd7ccae', false, '3b25c6f5-4705-4074-9fc6-a50c28eba406', '46697884-4792-49ff-b243-14a17eb5b871', '2024-04-08 18:45:59');
insert into tasks (id, name, description, status, assigned_user_id, patient_id, public, organization_id, created_by, due_at) values ('f531ae7e-96cd-4d5d-ab62-1afbe90fdd87', 'LDR Brachytherapy of Thorax Lymph using Palladium 103', 'Restriction of Accessory Pancreatic Duct with Intraluminal Device, Via Natural or Artificial Opening', 1, 'df363387-7774-4592-b01c-2b765abaa86a', 'ddb6c139-cd0d-4c65-95d8-288035eabf54', true, '3b25c6f5-4705-4074-9fc6-a50c28eba406', '531244c4-0500-4701-91ef-a03645ba92b2', '2024-03-19 06:33:32');
insert into tasks (id, name, description, status, assigned_user_id, patient_id, public, organization_id, created_by, due_at) values ('f6756a20-3a20-4584-96a3-bee7f38c0f51', 'Reposition Left Humeral Shaft, External Approach', 'Drainage of Splenic Vein, Percutaneous Endoscopic Approach, Diagnostic', 2, '00000000-0000-0000-0000-000000000000', '9d868246-ffb8-43bd-95f8-2fc4fea196df', true, '3b25c6f5-4705-4074-9fc6-a50c28eba406', 'df363387-7774-4592-b01c-2b765abaa86a', '2023-03-17 03:09:20');
insert into tasks (id, name, description, status, assigned_user_id, patient_id, public, organization_id, created_by, due_at) values ('3356b4f0-3c6f-4d50-8831-f9c8364aade9', 'Restriction of Asc Colon with Intralum Dev, Open Approach', 'Extirpation of Matter from Face Artery, Percutaneous Endoscopic Approach', 1, '00000000-0000-0000-0000-000000000000', 'de70d0d0-94da-4d00-9dfc-54723320fe47', false, '3b25c6f5-4705-4074-9fc6-a50c28eba406', '46697884-4792-49ff-b243-14a17eb5b871', '2025-01-02 08:20:54');
insert into tasks (id, name, description, status, assigned_user_id, patient_id, public, organization_id, created_by, due_at) values ('c3c94c70-2ceb-4c39-b979-93d22840d076', 'Reattachment of Left 2nd Toe, Open Approach', 'Bypass Middle Esophagus to Cutaneous, Open Approach', 2, '00000000-0000-0000-0000-000000000000', '1dd8f65c-6bdc-40f5-9a1a-b6dbd52f3fd4', false, '3b25c6f5-4705-4074-9fc6-a50c28eba406', '3a82ae88-c43a-4ada-8659-9c5f372cb48d', '2023-04-28 21:05:53');
insert into tasks (id, name, description, status, assigned_user_id, patient_id, public, organization_id, created_by, due_at) values ('71f0ba07-ef77-4106-a08c-543d99553674', 'Introduce Adhesion Barrier in Periton Cav, Open', '', 3, '5db6cc86-bbf1-4fa6-bbe8-a8cdea869758', '1e68267e-0149-47d8-9052-cb5df340044b', true, '3b25c6f5-4705-4074-9fc6-a50c28eba406', '5db6cc86-bbf1-4fa6-bbe8-a8cdea869758', '2024-04-17 02:04:22');
insert into tasks (id, name, description, status, assigned_user_id, patient_id, public, organization_id, created_by, due_at) values ('3023b697-b5e7-48b6-9c80-f5151e124ae4', 'Drainage of R Trunk Bursa/Lig, Open Approach, Diagn', '', 2, '8aa8a5ee-2a35-4203-81bb-baf4ca17a9e9', '06f57c97-509e-4b41-9839-233f29197f56', true, '3b25c6f5-4705-4074-9fc6-a50c28eba406', '5db6cc86-bbf1-4fa6-bbe8-a8cdea869758', '2025-02-10 17:55:21');
insert into tasks (id, name, description, status, assigned_user_id, patient_id, public, organization_id, created_by, due_at) values ('6894d106-637e-461b-a279-baf5cf97ed65', 'Fluoroscopy of R Int Carotid using H Osm Contrast', 'Revision of Autologous Tissue Substitute in Right Metacarpophalangeal Joint, Open Approach', 2, '674217fc-05a6-4eec-ad7e-8a2d0dc8caa9', '9ee5b1f9-b726-4dea-872a-141135bb9079', false, '3b25c6f5-4705-4074-9fc6-a50c28eba406', '674217fc-05a6-4eec-ad7e-8a2d0dc8caa9', '2025-03-13 11:38:29');
insert into tasks (id, name, description, status, assigned_user_id, patient_id, public, organization_id, created_by, due_at) values ('d40144c7-07b9-4d27-9433-de3d0a4ffb66', 'Drainage of Right Upper Arm Muscle, Open Approach, Diagn', '', 1, '73c0d265-3c9a-410a-8eaf-0174fc57f421', '9d868246-ffb8-43bd-95f8-2fc4fea196df', false, '3b25c6f5-4705-4074-9fc6-a50c28eba406', '73c0d265-3c9a-410a-8eaf-0174fc57f421', '2023-04-27 13:16:02');
insert into tasks (id, name, description, status, assigned_user_id, patient_id, public, organization_id, created_by, due_at) values ('9817abb0-3916-448a-abe0-501da2c61920', 'Revision of Int Fix in L Metatarsotars Jt, Perc Approach', 'Inspection of Cervicothoracic Vertebral Joint, Percutaneous Approach', 2, 'df363387-7774-4592-b01c-2b765abaa86a', '9d868246-ffb8-43bd-95f8-2fc4fea196df', false, '3b25c6f5-4705-4074-9fc6-a50c28eba406', '22b47b87-aadf-4e81-802d-9e23489e696c', '2023-02-25 09:27:40');
insert into tasks (id, name, description, status, assigned_user_id, patient_id, public, organization_id, created_by, due_at) values ('02d6632d-1a67-4182-992e-6384e00ac2d7', 'Dilation of Abdominal Aorta with 2 Drug-elut, Perc Approach', 'Extirpation of Matter from Coccygeal Joint, Percutaneous Endoscopic Approach', 3, '8aa8a5ee-2a35-4203-81bb-baf4ca17a9e9', 'f3c65081-1597-4b0b-bb7d-96256cf329fa', true, '3b25c6f5-4705-4074-9fc6-a50c28eba406', '46697884-4792-49ff-b243-14a17eb5b871', '2023-04-29 10:32:59');
insert into tasks (id, name, description, status, assigned_user_id, patient_id, public, organization_id, created_by, due_at) values ('17d5ea47-1f76-4283-86d8-0818625e7486', 'Removal of Monitor Dev from Hepatobil Duct, Perc Approach', 'Removal of Spacer from Right Sternoclavicular Joint, Open Approach', 1, '00000000-0000-0000-0000-000000000000', 'bf3ee02f-adba-4320-8fa6-dd9456585232', true, '3b25c6f5-4705-4074-9fc6-a50c28eba406', '22b47b87-aadf-4e81-802d-9e23489e696c', '2025-04-10 06:49:53');
insert into tasks (id, name, description, status, assigned_user_id, patient_id, public, organization_id, created_by, due_at) values ('b2ed8f2b-1fc9-4bbe-8705-acf84850c6aa', 'Drainage of Sigmoid Colon with Drain Dev, Perc Endo Approach', 'Supplement Right Common Iliac Vein with Nonautologous Tissue Substitute, Percutaneous Endoscopic Approach', 1, '22b47b87-aadf-4e81-802d-9e23489e696c', '4a2e5163-57a7-4a50-9ed7-981c119848d7', false, '3b25c6f5-4705-4074-9fc6-a50c28eba406', '8aa8a5ee-2a35-4203-81bb-baf4ca17a9e9', '2024-11-18 07:54:24');
insert into tasks (id, name, description, status, assigned_user_id, patient_id, public, organization_id, created_by, due_at) values ('e168a3c7-b611-470b-829c-6190072c1ba7', 'Transfuse of Autol Factor IX into Periph Art, Open Approach', 'Reposition Cervical Vertebral Joint, External Approach', 3, '3a82ae88-c43a-4ada-8659-9c5f372cb48d', '541807d6-788b-47a6-95be-9842dd58a5ce', true, '3b25c6f5-4705-4074-9fc6-a50c28eba406', '00000000-0000-0000-0000-000000000000', '2023-09-14 18:34:26');
insert into tasks (id, name, description, status, assigned_user_id, patient_id, public, organization_id, created_by, due_at) values ('25c84b6d-b499-4b2a-9b8f-05ab144e353c', 'Insertion of Ext Fix into L Patella, Perc Endo Approach', 'Supplement Tibial Nerve with Autologous Tissue Substitute, Open Approach', 1, '3e795d31-1912-4b09-8e5a-fd62a2461a8c', '4a2e5163-57a7-4a50-9ed7-981c119848d7', true, '3b25c6f5-4705-4074-9fc6-a50c28eba406', '00000000-0000-0000-0000-000000000000', '2023-05-16 11:53:06');
insert into tasks (id, name, description, status, assigned_user_id, patient_id, public, organization_id, created_by, due_at) values ('affa2bce-2f7b-406f-9be5-be8d9881830b', 'Release Larynx, Via Natural or Artificial Opening', 'Supplement Left Palatine Bone with Nonautologous Tissue Substitute, Open Approach', 2, '5db6cc86-bbf1-4fa6-bbe8-a8cdea869758', '1e68267e-0149-47d8-9052-cb5df340044b', true, '3b25c6f5-4705-4074-9fc6-a50c28eba406', '674217fc-05a6-4eec-ad7e-8a2d0dc8caa9', '2024-01-07 04:04:19');
insert into tasks (id, name, description, status, assigned_user_id, patient_id, public, organization_id, created_by, due_at) values ('8da8256d-f63d-4cb3-9458-d8c6f20f2ddc', 'Replacement of Left Metacarpal with Autol Sub, Perc Approach', 'Occlusion of Left Thyroid Artery, Open Approach', 3, 'df363387-7774-4592-b01c-2b765abaa86a', '2a7f62d2-926c-4a0b-a963-2b4cdc89e1e7', true, '3b25c6f5-4705-4074-9fc6-a50c28eba406', '674217fc-05a6-4eec-ad7e-8a2d0dc8caa9', '2023-04-14 17:11:02');
insert into tasks (id, name, description, status, assigned_user_id, patient_id, public, organization_id, created_by, due_at) values ('7da7911a-ff4d-4c34-b965-f1b30e58793b', 'Reattachment of Mult Parathyroid, Perc Endo Approach', 'Release Right Popliteal Artery, Percutaneous Endoscopic Approach', 1, '00000000-0000-0000-0000-000000000000', 'ddb6c139-cd0d-4c65-95d8-288035eabf54', true, '3b25c6f5-4705-4074-9fc6-a50c28eba406', '73c0d265-3c9a-410a-8eaf-0174fc57f421', '2024-06-04 09:58:05');
insert into tasks (id, name, description, status, assigned_user_id, patient_id, public, organization_id, created_by, due_at) values ('e06db9a6-655b-420e-b322-92a3ff7fc6dd', 'Fluoroscopy of L Ext Carotid using H Osm Contrast', 'Inspection of Right Shoulder Joint, Percutaneous Endoscopic Approach', 3, '674217fc-05a6-4eec-ad7e-8a2d0dc8caa9', '9051e39b-da5f-40b1-98bb-2491943553af', true, '3b25c6f5-4705-4074-9fc6-a50c28eba406', '8aa8a5ee-2a35-4203-81bb-baf4ca17a9e9', '2024-11-18 17:09:44');
insert into tasks (id, name, description, status, assigned_user_id, patient_id, public, organization_id, created_by, due_at) values ('a2f04cb2-4587-48ad-89ee-a01256a80d7c', 'Reposition Left Hand Tendon, Open Approach', 'Dilation of Left Radial Artery with Four or More Drug-eluting Intraluminal Devices, Percutaneous Approach', 3, '5db6cc86-bbf1-4fa6-bbe8-a8cdea869758', '8763d32d-73d1-4e53-b367-b970ee5f6c18', false, '3b25c6f5-4705-4074-9fc6-a50c28eba406', 'df363387-7774-4592-b01c-2b765abaa86a', '2023-11-04 07:55:09');

-- subtasks
insert into subtasks (id, task_id, name, done, created_by) values ('b7d943f6-dae1-48c9-b947-8523c214f297', '96e32e60-f1f4-4f49-a918-1f8da4a6fd21', 'Other operations on vessels', false, 'df363387-7774-4592-b01c-2b765abaa86a');
insert into subtasks (id, task_id, name, done, created_by) values ('5ababaea-39cf-4649-af40-5609f6c48e5d', '851f2a7e-73ed-4990-bccf-7f6c2e89d9ab', 'Insertion of fixed bridge', false, '531244c4-0500-4701-91ef-a03645ba92b2');
insert into subtasks (id, task_id, name, done, created_by) values ('6cb3b838-c3db-43b3-923d-b637566f73eb', '1eaf1f03-d5b9-4f3a-b27f-f892c63886ec', 'Vaccination against tularemia', true, '674217fc-05a6-4eec-ad7e-8a2d0dc8caa9');
insert into subtasks (id, task_id, name, done, created_by) values ('86e58960-654e-4e66-ac47-a94746db264d', '3fae6b47-ff14-4a1a-9554-3c35e0214920', '(Aorto)coronary bypass of two coronary arteries', false, '5db6cc86-bbf1-4fa6-bbe8-a8cdea869758');
insert into subtasks (id, task_id, name, done, created_by) values ('785e2be8-c21f-4158-9825-af37f71e3eb4', 'affa2bce-2f7b-406f-9be5-be8d9881830b', 'Insertion of palatal implant', false, '22b47b87-aadf-4e81-802d-9e23489e696c');
insert into subtasks (id, task_id, name, done, created_by) values ('1b9dbe8c-19b4-48ce-8005-aa6d5c1be3f1', '7fcc7ad0-3860-4892-90c6-fbfc5f879c9b', 'Colonoscopy', false, '46697884-4792-49ff-b243-14a17eb5b871');
insert into subtasks (id, task_id, name, done, created_by) values ('7a44fa95-994d-4382-b031-74647c15de5b', '8da8256d-f63d-4cb3-9458-d8c6f20f2ddc', 'Other surgical occlusion of vessels, lower limb arteries', true, 'df363387-7774-4592-b01c-2b765abaa86a');
insert into subtasks (id, task_id, name, done, created_by) values ('539cae1d-29aa-4d87-aecf-ba4d5ad51da8', '20863649-d855-4b0d-af4f-76199749c509', 'Regional lymph node excision', true, '73c0d265-3c9a-410a-8eaf-0174fc57f421');
insert into subtasks (id, task_id, name, done, created_by) values ('63f6661b-10ff-4f9c-a4c4-17d858f06ec3', 'f6756a20-3a20-4584-96a3-bee7f38c0f51', 'Artificial pacemaker artifact wave form check', false, '46697884-4792-49ff-b243-14a17eb5b871');
insert into subtasks (id, task_id, name, done, created_by) values ('8eea29fd-afd1-493e-8a22-1e7d44d885a9', '7da7911a-ff4d-4c34-b965-f1b30e58793b', 'Ligation of thyroid vessels', false, '3e795d31-1912-4b09-8e5a-fd62a2461a8c');
insert into subtasks (id, task_id, name, done, created_by) values ('57ea19c7-92b4-425f-b4f0-3b04385e613d', '17d5ea47-1f76-4283-86d8-0818625e7486', 'Removal of foreign body, not otherwise specified', true, '22b47b87-aadf-4e81-802d-9e23489e696c');
insert into subtasks (id, task_id, name, done, created_by) values ('9ea8ff25-6118-4424-99a2-a63a17008f5b', 'b2ed8f2b-1fc9-4bbe-8705-acf84850c6aa', 'Suture of laceration of anus', false, '73c0d265-3c9a-410a-8eaf-0174fc57f421');
insert into subtasks (id, task_id, name, done, created_by) values ('bb59ac22-ca79-4dd3-a9c2-d9fa0505390b', '4454d62d-fd22-40f8-b4ab-2f1de65ed881', 'Other arthrotomy, ankle', false, '46697884-4792-49ff-b243-14a17eb5b871');
insert into subtasks (id, task_id, name, done, created_by) values ('d7d5f5ac-3313-4403-b391-e9bf0aac2445', '17de489a-9ae4-4298-8e2a-64ba31e5a250', 'Myotomy of other parts of colon', false, '73c0d265-3c9a-410a-8eaf-0174fc57f421');
insert into subtasks (id, task_id, name, done, created_by) values ('0646f6ed-4c92-4ae9-9108-ef17df596175', '57a6451c-782b-4439-88b1-73117c158377', 'Transposition of extraocular muscles', false, '3a82ae88-c43a-4ada-8659-9c5f372cb48d');
insert into subtasks (id, task_id, name, done, created_by) values ('692d6de8-7fd7-4679-9fde-a7ae0b0a6a7b', '227c506a-c73b-4efc-bb88-6e119d87bf6b', 'Reattachment of amputated ear', true, '3e795d31-1912-4b09-8e5a-fd62a2461a8c');
insert into subtasks (id, task_id, name, done, created_by) values ('3c48c51e-977f-451c-9bd4-2e786cd883d2', 'db3dddb7-019e-48fd-a245-4d3d7cec05a9', 'Other x-ray of thoracic spine', false, '73c0d265-3c9a-410a-8eaf-0174fc57f421');
insert into subtasks (id, task_id, name, done, created_by) values ('ca1dd337-f42c-45c1-8f81-86dfd9036010', '57a6451c-782b-4439-88b1-73117c158377', 'Computer assisted surgery with CT/CTA', false, '00000000-0000-0000-0000-000000000000');
insert into subtasks (id, task_id, name, done, created_by) values ('df0dbcbf-e264-4e28-904a-47f57f99a640', 'dd1d2393-cd96-46ed-ab4b-2325d0332bed', 'Closed [endoscopic] biopsy of larynx', true, 'df363387-7774-4592-b01c-2b765abaa86a');
insert into subtasks (id, task_id, name, done, created_by) values ('5ab50302-d939-4588-bce6-7bffc125e11c', 'd0cd4f55-4b07-4216-acd2-8aef1ad01edc', 'Other lysis of perirenal or periureteral adhesions', false, '46697884-4792-49ff-b243-14a17eb5b871');
insert into subtasks (id, task_id, name, done, created_by) values ('1a4b0b88-e402-4550-904c-404311091ac0', 'db837e36-2cd9-4e1e-a9da-1062f96530f6', 'Enlargement of existing atrial septal defect', true, '73c0d265-3c9a-410a-8eaf-0174fc57f421');
insert into subtasks (id, task_id, name, done, created_by) values ('fa1b6fd1-1bcb-4a89-940d-e3dd67f5762d', '58905ce6-56fe-40e8-a2d4-1d701e082b72', 'Closure of nasal fistula', false, '8aa8a5ee-2a35-4203-81bb-baf4ca17a9e9');
insert into subtasks (id, task_id, name, done, created_by) values ('6c0f78df-ac07-4563-ada5-f0d8ae3c418f', '20863649-d855-4b0d-af4f-76199749c509', 'Other lysis of perivesical adhesions', true, '22b47b87-aadf-4e81-802d-9e23489e696c');
insert into subtasks (id, task_id, name, done, created_by) values ('69a2f526-536a-436c-a475-4a7dd1fd12b8', '96e32e60-f1f4-4f49-a918-1f8da4a6fd21', 'Sequestrectomy, humerus', true, '46697884-4792-49ff-b243-14a17eb5b871');
insert into subtasks (id, task_id, name, done, created_by) values ('a35083a0-d8e3-42f7-9fc3-7d1717a50848', '9817abb0-3916-448a-abe0-501da2c61920', 'Insertion of totally implantable infusion pump', true, '5db6cc86-bbf1-4fa6-bbe8-a8cdea869758');
insert into subtasks (id, task_id, name, done, created_by) values ('69a82ad6-8063-44de-a115-5a43cb0d5a92', '283e2353-dbb5-4f9d-97e8-364a23d1ab2e', 'Other operations on lacrimal system', false, '531244c4-0500-4701-91ef-a03645ba92b2');
insert into subtasks (id, task_id, name, done, created_by) values ('7e55ff67-2aed-4808-b9f3-405db3978083', '9395112c-4903-409d-b7ab-c70bd87b5288', 'Dispensing of other low vision aids', true, '8aa8a5ee-2a35-4203-81bb-baf4ca17a9e9');
insert into subtasks (id, task_id, name, done, created_by) values ('7be17800-a372-4b8a-aa92-05b6cdff5178', 'f531ae7e-96cd-4d5d-ab62-1afbe90fdd87', 'Local excision of lesion or tissue of bone, patella', true, '46697884-4792-49ff-b243-14a17eb5b871');
insert into subtasks (id, task_id, name, done, created_by) values ('d42487ea-ad3b-44d3-a048-2b17f72dd208', 'b488b448-46dd-41ca-b4e2-910df5ace4b2', 'Incision of other bile ducts for relief of obstruction', true, '3a82ae88-c43a-4ada-8659-9c5f372cb48d');
insert into subtasks (id, task_id, name, done, created_by) values ('38a84504-33f5-4620-bc74-5660bf931a42', 'c9aeccc3-d307-4973-be73-b9001465065a', 'Thoracoscopic pleural biopsy', false, '3a82ae88-c43a-4ada-8659-9c5f372cb48d');
insert into subtasks (id, task_id, name, done, created_by) values ('efe7af29-65a6-4eb2-ae4f-4423f24ecafd', '2bda078a-ee5e-49e3-8a25-5c14c7b65682', 'Pericardiocentesis', true, '00000000-0000-0000-0000-000000000000');
insert into subtasks (id, task_id, name, done, created_by) values ('145c8aeb-4105-41bc-a5fe-bf2748ddc6c9', '2f6f90e5-23d9-4c93-bad5-ef844bbdda27', 'Open biopsy of lung', true, '73c0d265-3c9a-410a-8eaf-0174fc57f421');
insert into subtasks (id, task_id, name, done, created_by) values ('df6f4d32-bfdb-44b6-8f04-2bb4ae26c857', 'f6756a20-3a20-4584-96a3-bee7f38c0f51', 'Bilateral simple mastectomy', false, '73c0d265-3c9a-410a-8eaf-0174fc57f421');
insert into subtasks (id, task_id, name, done, created_by) values ('26d63474-581f-4219-9780-20e95a496f35', '8bd926b4-3476-4eed-9fa7-db8ab7b65671', 'Cardiopulmonary resuscitation, not otherwise specified', false, 'df363387-7774-4592-b01c-2b765abaa86a');
insert into subtasks (id, task_id, name, done, created_by) values ('74ba4f57-b222-439c-82ac-5a64467ac264', 'b9c97686-edbb-46da-9f09-7d9c97186020', 'Pericardiocentesis', false, '3e795d31-1912-4b09-8e5a-fd62a2461a8c');
insert into subtasks (id, task_id, name, done, created_by) values ('c7ca0b15-e772-449b-8940-86cd365bd955', '9817abb0-3916-448a-abe0-501da2c61920', 'Root canal therapy with irrigation', true, '00000000-0000-0000-0000-000000000000');
insert into subtasks (id, task_id, name, done, created_by) values ('6be5dd5a-d860-49f1-88a6-6cadd788bc4a', '749b262f-953a-4605-b57b-81a9cad64aae', 'Other incision of skin and subcutaneous tissue', false, '5db6cc86-bbf1-4fa6-bbe8-a8cdea869758');
insert into subtasks (id, task_id, name, done, created_by) values ('5d7ac55a-f273-4222-b372-ada3e2479f25', '1eaf1f03-d5b9-4f3a-b27f-f892c63886ec', 'Amnioscopy', false, '3a82ae88-c43a-4ada-8659-9c5f372cb48d');
insert into subtasks (id, task_id, name, done, created_by) values ('2ca50d51-0d75-4ee4-9d91-f9fe4561402b', 'ceffe1b1-84f6-42c7-b058-dc2897509f49', 'Revision or closure of vesicostomy', false, '5db6cc86-bbf1-4fa6-bbe8-a8cdea869758');
insert into subtasks (id, task_id, name, done, created_by) values ('6043195c-1bd3-4986-8902-c43dc65ae45e', 'f6756a20-3a20-4584-96a3-bee7f38c0f51', 'Radial keratotomy', false, '3e795d31-1912-4b09-8e5a-fd62a2461a8c');
insert into subtasks (id, task_id, name, done, created_by) values ('c98735e7-988d-4151-9c8a-1abfcacf1eae', '6b7e7b0c-596f-499b-ae7b-e9f90dc60f4d', 'Other lysis of peritoneal adhesions', false, '46697884-4792-49ff-b243-14a17eb5b871');
insert into subtasks (id, task_id, name, done, created_by) values ('e483bacb-30a6-41f1-8d9a-19515392d533', '69a90a3b-21d5-4094-bd83-6a929e37f194', 'Open and other cecectomy', true, 'df363387-7774-4592-b01c-2b765abaa86a');
insert into subtasks (id, task_id, name, done, created_by) values ('adf84aad-50c0-4036-9034-2ee3e34797ae', '4454d62d-fd22-40f8-b4ab-2f1de65ed881', 'Removal of both fallopian tubes at same operative episode', false, '674217fc-05a6-4eec-ad7e-8a2d0dc8caa9');
insert into subtasks (id, task_id, name, done, created_by) values ('c526ce0b-e31b-465d-8ef0-f806e63eeb3c', 'c555b6ca-d453-48dd-8ca1-93473c7732ce', 'Phlebography of femoral and other lower extremity veins using contrast material', true, '73c0d265-3c9a-410a-8eaf-0174fc57f421');
insert into subtasks (id, task_id, name, done, created_by) values ('a943a1cf-6217-4338-98c4-9aa5c7d877ba', '1eaf1f03-d5b9-4f3a-b27f-f892c63886ec', 'Repair of atrial septal defect with tissue graft', true, '8aa8a5ee-2a35-4203-81bb-baf4ca17a9e9');
insert into subtasks (id, task_id, name, done, created_by) values ('213ce579-647d-4114-b986-c4235508909f', '53922d3d-0252-4fdc-a281-a9a41c0727da', 'Other partial ostectomy, carpals and metacarpals', false, '22b47b87-aadf-4e81-802d-9e23489e696c');
insert into subtasks (id, task_id, name, done, created_by) values ('cc9a703b-c3a3-4ff6-8cfc-ba957ac7cdb8', 'affa2bce-2f7b-406f-9be5-be8d9881830b', 'Intrathoracic esophageal anastomosis with other interposition', false, '531244c4-0500-4701-91ef-a03645ba92b2');
insert into subtasks (id, task_id, name, done, created_by) values ('4644be3d-9efd-4266-8966-37617c4c004e', '18fecf80-27d9-41a4-9183-1e44aa605d2f', 'Laser interstitial thermal therapy [LITT] of lesion or tissue of head and neck under guidance', true, '8aa8a5ee-2a35-4203-81bb-baf4ca17a9e9');
insert into subtasks (id, task_id, name, done, created_by) values ('f1d465c5-6f75-4b35-8719-05dd1dabca07', 'bc5d1f18-5145-42b4-ba18-dc7242626fae', 'Arteriography of femoral and other lower extremity arteries', true, '3e795d31-1912-4b09-8e5a-fd62a2461a8c');
insert into subtasks (id, task_id, name, done, created_by) values ('55914475-c913-453f-92d1-2a11cad57ae2', '6b7e7b0c-596f-499b-ae7b-e9f90dc60f4d', 'Arthrodesis of shoulder', false, '674217fc-05a6-4eec-ad7e-8a2d0dc8caa9');
insert into subtasks (id, task_id, name, done, created_by) values ('ac4c8119-a2b7-43f5-a949-882bac8b5465', 'b488b448-46dd-41ca-b4e2-910df5ace4b2', 'Therapeutic evacuation of anterior chamber', true, '22b47b87-aadf-4e81-802d-9e23489e696c');
insert into subtasks (id, task_id, name, done, created_by) values ('6b5c985d-ef05-4c88-b552-bd6819216092', '283e2353-dbb5-4f9d-97e8-364a23d1ab2e', 'Removal of embedded foreign body from conjunctiva by incision', true, '8aa8a5ee-2a35-4203-81bb-baf4ca17a9e9');
insert into subtasks (id, task_id, name, done, created_by) values ('12139a15-5158-4610-97a2-340dc9457236', '283e2353-dbb5-4f9d-97e8-364a23d1ab2e', 'Removal of other urinary drainage device', false, '5db6cc86-bbf1-4fa6-bbe8-a8cdea869758');
insert into subtasks (id, task_id, name, done, created_by) values ('f2681cab-88c2-4fa8-b28a-399cacf8c9c5', '3b9e7844-6eee-4f7f-ba4d-2e0d977793c8', 'Noninvasive programmed electrical stimulation [NIPS]', true, '674217fc-05a6-4eec-ad7e-8a2d0dc8caa9');
insert into subtasks (id, task_id, name, done, created_by) values ('89d3e368-6b4e-4d11-b9cd-74e1c4411072', '3b9e7844-6eee-4f7f-ba4d-2e0d977793c8', 'Microscopic examination of specimen from other site, culture', false, '3a82ae88-c43a-4ada-8659-9c5f372cb48d');
insert into subtasks (id, task_id, name, done, created_by) values ('5116c01d-5f0d-46e9-bcd7-0d2127661dc7', 'b025f9bb-7852-45c2-82a6-bfee3adcbddd', 'Insertion of intercostal catheter for drainage', true, '5db6cc86-bbf1-4fa6-bbe8-a8cdea869758');
insert into subtasks (id, task_id, name, done, created_by) values ('1ce99fa5-efbb-4890-8e61-2b0f5890d761', '5bbda217-668f-498c-9a52-8f3a7fa6f772', 'Arthroplasty of carpocarpal or carpometacarpal joint with implant', true, '531244c4-0500-4701-91ef-a03645ba92b2');
insert into subtasks (id, task_id, name, done, created_by) values ('35a15a66-bad5-48af-829e-8df02f56c996', '6b7e7b0c-596f-499b-ae7b-e9f90dc60f4d', 'Other excision or destruction of lesion or tissue of pancreas or pancreatic duct', false, '3e795d31-1912-4b09-8e5a-fd62a2461a8c');
insert into subtasks (id, task_id, name, done, created_by) values ('6e60ad0b-914e-4af8-ae5b-617718f487a3', '2bda078a-ee5e-49e3-8a25-5c14c7b65682', 'Vital capacity determination', true, '674217fc-05a6-4eec-ad7e-8a2d0dc8caa9');
insert into subtasks (id, task_id, name, done, created_by) values ('e9f82fc9-678c-4fe7-9240-4f6a05c3aac9', '40aa8544-9776-4700-b035-76865df3a0cc', 'Alcohol rehabilitation', false, '00000000-0000-0000-0000-000000000000');
insert into subtasks (id, task_id, name, done, created_by) values ('2783544c-cac8-4b35-bea2-84666aa9c270', 'bc5d1f18-5145-42b4-ba18-dc7242626fae', 'Other evisceration of eyeball', true, '531244c4-0500-4701-91ef-a03645ba92b2');
insert into subtasks (id, task_id, name, done, created_by) values ('cad76844-0eac-4800-bc63-942002bd954d', 'c3c94c70-2ceb-4c39-b979-93d22840d076', 'Microscopic examination of specimen from lymph node and of lymph, culture and sensitivity', true, '22b47b87-aadf-4e81-802d-9e23489e696c');
insert into subtasks (id, task_id, name, done, created_by) values ('50e79048-acaf-46b4-adb2-6f1b2754f2cb', 'b9c97686-edbb-46da-9f09-7d9c97186020', 'Other and open bilateral repair of inguinal hernia, one direct and one indirect, with graft or prosthesis', false, '46697884-4792-49ff-b243-14a17eb5b871');
insert into subtasks (id, task_id, name, done, created_by) values ('ce222ad9-a4c4-4e9f-aab7-298203d33f21', '54d4360a-7027-4336-b153-e2eb6c797436', 'Synovectomy, shoulder', true, '3a82ae88-c43a-4ada-8659-9c5f372cb48d');
insert into subtasks (id, task_id, name, done, created_by) values ('fb045d97-cc9d-4251-9f66-54e2b1e6aadd', '54d4360a-7027-4336-b153-e2eb6c797436', 'Total ostectomy, tibia and fibula', true, '531244c4-0500-4701-91ef-a03645ba92b2');
insert into subtasks (id, task_id, name, done, created_by) values ('23358f5a-f030-4f52-b412-4ec86ccada88', '69a90a3b-21d5-4094-bd83-6a929e37f194', 'Incision of periurethral tissue', false, '674217fc-05a6-4eec-ad7e-8a2d0dc8caa9');
insert into subtasks (id, task_id, name, done, created_by) values ('3d4c1172-19a2-4499-b77a-7da3d873902c', 'c90c8104-de70-470d-af65-8b2422fbfd62', 'Open reduction of fracture with internal fixation, tibia and fibula', false, '46697884-4792-49ff-b243-14a17eb5b871');
insert into subtasks (id, task_id, name, done, created_by) values ('9f026e31-d139-49ec-8f39-e55bd407629b', 'e06db9a6-655b-420e-b322-92a3ff7fc6dd', 'Resection of vessel with anastomosis, abdominal veins', true, '46697884-4792-49ff-b243-14a17eb5b871');
insert into subtasks (id, task_id, name, done, created_by) values ('596653a8-7737-44f4-9f7e-04db176e73dc', 'e06db9a6-655b-420e-b322-92a3ff7fc6dd', 'Other laparoscopic local excision or destruction of ovary', true, '3e795d31-1912-4b09-8e5a-fd62a2461a8c');
insert into subtasks (id, task_id, name, done, created_by) values ('cc60cc5f-028c-46be-80b9-6c4f7ea4ec65', 'b025f9bb-7852-45c2-82a6-bfee3adcbddd', 'Mediastinal pneumogram', false, '3e795d31-1912-4b09-8e5a-fd62a2461a8c');
insert into subtasks (id, task_id, name, done, created_by) values ('9932448d-248a-4bcd-9e09-99a4cbc15170', '77e97632-88d4-463d-9be9-6869cdf7ace2', 'Other x-ray of cervical spine', true, '00000000-0000-0000-0000-000000000000');
insert into subtasks (id, task_id, name, done, created_by) values ('d0de2487-8b79-4737-a175-e97eace2eb61', '58905ce6-56fe-40e8-a2d4-1d701e082b72', 'Removal of implanted devices from bone, femur', true, '3e795d31-1912-4b09-8e5a-fd62a2461a8c');
insert into subtasks (id, task_id, name, done, created_by) values ('3f70d251-eea0-4859-955b-0a7e6d06447f', '2b32ad4a-100b-4cca-a4aa-90b53d12ccc2', '(Aorto)coronary bypass of two coronary arteries', false, '8aa8a5ee-2a35-4203-81bb-baf4ca17a9e9');
insert into subtasks (id, task_id, name, done, created_by) values ('ca63fae8-83f8-4be1-90d9-e7bce123c50a', '25c84b6d-b499-4b2a-9b8f-05ab144e353c', 'Other craniotomy', false, '3e795d31-1912-4b09-8e5a-fd62a2461a8c');
insert into subtasks (id, task_id, name, done, created_by) values ('0c527cd4-61de-4146-a35f-95ab8bd6fd69', '69a90a3b-21d5-4094-bd83-6a929e37f194', 'Other facilitation of intraocular circulation', false, '3e795d31-1912-4b09-8e5a-fd62a2461a8c');
insert into subtasks (id, task_id, name, done, created_by) values ('5e89560d-149f-4de7-802b-df1d34d2cc97', 'fbaaac31-0826-4289-b759-96a4f0d72401', 'Other turbinectomy', true, '00000000-0000-0000-0000-000000000000');
insert into subtasks (id, task_id, name, done, created_by) values ('49af7127-213f-4423-b0fa-e9aed23b2119', '8f64950a-2441-4b86-9f7e-75931fa8b2c4', 'Production of subcutaneous tunnel without esophageal anastomosis', false, '22b47b87-aadf-4e81-802d-9e23489e696c');
insert into subtasks (id, task_id, name, done, created_by) values ('d53378ee-a009-4f35-b5d1-d0616142635c', '9395112c-4903-409d-b7ab-c70bd87b5288', 'Other total reconstruction of breast', false, '00000000-0000-0000-0000-000000000000');
insert into subtasks (id, task_id, name, done, created_by) values ('7b2e28c8-0b55-4299-b4b1-90a828734805', '3b9e7844-6eee-4f7f-ba4d-2e0d977793c8', 'Partial gastrectomy with anastomosis to esophagus', false, '674217fc-05a6-4eec-ad7e-8a2d0dc8caa9');
insert into subtasks (id, task_id, name, done, created_by) values ('51d29b71-15e1-4616-a053-030c0db2a054', '8bd926b4-3476-4eed-9fa7-db8ab7b65671', 'Other repair of retinal detachment', false, '73c0d265-3c9a-410a-8eaf-0174fc57f421');
insert into subtasks (id, task_id, name, done, created_by) values ('62b512ed-11c9-4c0e-99ff-5531418fb675', '2788364b-6bdf-4b8d-aa01-041b1b80533e', 'Local excision of esophageal diverticulum', false, '5db6cc86-bbf1-4fa6-bbe8-a8cdea869758');
insert into subtasks (id, task_id, name, done, created_by) values ('e017f087-776f-4e86-8e17-4b6bf224068f', '8bd926b4-3476-4eed-9fa7-db8ab7b65671', 'Noninvasive programmed electrical stimulation [NIPS]', false, '674217fc-05a6-4eec-ad7e-8a2d0dc8caa9');
insert into subtasks (id, task_id, name, done, created_by) values ('75b8daf9-4898-4ed0-95ea-98bdd20508f7', 'c9aeccc3-d307-4973-be73-b9001465065a', 'Other reconstruction of eyelid with flaps or grafts', true, 'df363387-7774-4592-b01c-2b765abaa86a');
insert into subtasks (id, task_id, name, done, created_by) values ('dfd4627e-86e3-458f-bb4b-d6afddbc373e', 'fe6a3b93-f803-418b-8cc0-c90fc423e8ad', 'Excision or destruction of lesion of cul-de-sac', false, '5db6cc86-bbf1-4fa6-bbe8-a8cdea869758');
insert into subtasks (id, task_id, name, done, created_by) values ('1b015ed2-5225-4fcc-99c7-358d04e3688c', 'c9aeccc3-d307-4973-be73-b9001465065a', 'Incision of middle ear', false, '531244c4-0500-4701-91ef-a03645ba92b2');
insert into subtasks (id, task_id, name, done, created_by) values ('be7cc5b7-afdc-40f7-a029-0772fa188c1a', '283e2353-dbb5-4f9d-97e8-364a23d1ab2e', 'Anterior resection of rectum with synchronous colostomy', true, '531244c4-0500-4701-91ef-a03645ba92b2');
insert into subtasks (id, task_id, name, done, created_by) values ('c5a309f9-09ff-4f62-b5af-b260dbca4066', '57a6451c-782b-4439-88b1-73117c158377', 'Refusion of other cervical spine, anterior column, anterior technique', false, '00000000-0000-0000-0000-000000000000');
insert into subtasks (id, task_id, name, done, created_by) values ('139be2ea-9305-4961-80ff-8eed63301f08', '444b801b-502f-4a56-a007-8f7d5f2a9e7e', 'Other incision of bone without division, patella', false, '5db6cc86-bbf1-4fa6-bbe8-a8cdea869758');
insert into subtasks (id, task_id, name, done, created_by) values ('6d3c2be8-3311-414e-816d-48048885f350', '8f440795-ede8-4295-8603-f1c257687754', 'Augmentation rhinoplasty', true, '73c0d265-3c9a-410a-8eaf-0174fc57f421');
insert into subtasks (id, task_id, name, done, created_by) values ('652a641a-e5aa-4d96-97bf-3f0ded7bf5ce', '503b6598-a1f0-4a1f-b4b8-f37dea4ea9a9', 'Annuloplasty', true, '3a82ae88-c43a-4ada-8659-9c5f372cb48d');
insert into subtasks (id, task_id, name, done, created_by) values ('a3aa5e1f-60d4-4353-ad93-563becf6cb6b', 'e06db9a6-655b-420e-b322-92a3ff7fc6dd', 'Electrolysis and other epilation of skin', false, '22b47b87-aadf-4e81-802d-9e23489e696c');
insert into subtasks (id, task_id, name, done, created_by) values ('bb295e14-fc05-4867-8856-ac2569e629eb', 'bbd5f823-ba99-4066-b6ca-6b1d4821248c', 'Refusion of dorsal and dorsolumbar spine, posterior column, posterior technique', false, '00000000-0000-0000-0000-000000000000');
insert into subtasks (id, task_id, name, done, created_by) values ('40722ff3-ce7d-47fd-a321-fe3360c6da70', '25c84b6d-b499-4b2a-9b8f-05ab144e353c', 'Removal of (cement) spacer', false, '00000000-0000-0000-0000-000000000000');
insert into subtasks (id, task_id, name, done, created_by) values ('67b0e8c4-54ae-43ce-ae9d-2f291715679b', '1eaf1f03-d5b9-4f3a-b27f-f892c63886ec', 'Replacement of tube or enterostomy device of large intestine', true, '531244c4-0500-4701-91ef-a03645ba92b2');
insert into subtasks (id, task_id, name, done, created_by) values ('9190b783-be6b-479a-9aef-6637be9fd54e', '1eaf1f03-d5b9-4f3a-b27f-f892c63886ec', 'Ligation and stripping of varicose veins, upper limb vessels', false, '00000000-0000-0000-0000-000000000000');
insert into subtasks (id, task_id, name, done, created_by) values ('9f3cc912-b48d-48f2-a54f-18174ab2be23', '17de489a-9ae4-4298-8e2a-64ba31e5a250', 'Excision of bone for graft, unspecified site', true, '531244c4-0500-4701-91ef-a03645ba92b2');
insert into subtasks (id, task_id, name, done, created_by) values ('0b62df0e-b5fe-4d58-9ec0-021f691f8441', 'aa16ec68-0291-47ed-a5d0-9f0cc21e05a0', 'Excision of lesion of lacrimal gland', false, 'df363387-7774-4592-b01c-2b765abaa86a');
insert into subtasks (id, task_id, name, done, created_by) values ('b66ca2da-ec1c-47a5-95f1-6ad7643fb1a7', '02d6632d-1a67-4182-992e-6384e00ac2d7', 'Symphysiotomy for horseshoe kidney', true, '5db6cc86-bbf1-4fa6-bbe8-a8cdea869758');
insert into subtasks (id, task_id, name, done, created_by) values ('1e785484-e2a6-4ed5-9212-ee56a9d2c39d', 'b2ed8f2b-1fc9-4bbe-8705-acf84850c6aa', 'Laparoscopic oophorotomy', true, '3e795d31-1912-4b09-8e5a-fd62a2461a8c');
insert into subtasks (id, task_id, name, done, created_by) values ('f2e70feb-9137-44d7-bcad-b0e90bd0706a', 'f531ae7e-96cd-4d5d-ab62-1afbe90fdd87', 'Repair of retinal tear by photocoagulation of unspecified type', false, '73c0d265-3c9a-410a-8eaf-0174fc57f421');


-- task_templates

-- task_template_subtasks

